ISO-10303-21;
HEADER;
FILE_DESCRIPTION (( 'STEP AP214' ),
    '1' );
FILE_NAME ('A765KN227M1CLAE016.STEP',
    '2023-12-26T17:30:23',
    ( '' ),
    ( '' ),
    'SwSTEP 2.0',
    'SolidWorks 2021',
    '' );
FILE_SCHEMA (( 'AUTOMOTIVE_DESIGN' ));
ENDSEC;

DATA;
#1 = LINE ( 'NONE', #939, #109 ) ;
#2 = CARTESIAN_POINT ( 'NONE',  ( 4.150000000000003908, 0.2999999999999999889, -0.7500000000000002220 ) ) ;
#3 = CYLINDRICAL_SURFACE ( 'NONE', #1863, 3.600000000000000977 ) ;
#4 = ORIENTED_EDGE ( 'NONE', *, *, #1054, .T. ) ;
#5 = ADVANCED_FACE ( 'NONE', ( #1710 ), #247, .F. ) ;
#6 = FACE_OUTER_BOUND ( 'NONE', #920, .T. ) ;
#7 = EDGE_CURVE ( 'NONE', #1355, #1198, #1709, .T. ) ;
#8 = DIRECTION ( 'NONE',  ( -0.000000000000000000, -1.000000000000000000, -0.000000000000000000 ) ) ;
#9 = CARTESIAN_POINT ( 'NONE',  ( 0.000000000000000000, 2.463603896932110349, -3.912132034355964016 ) ) ;
#10 = AXIS2_PLACEMENT_3D ( 'NONE', #337, #938, #1224 ) ;
#11 = AXIS2_PLACEMENT_3D ( 'NONE', #954, #246, #870 ) ;
#12 = CARTESIAN_POINT ( 'NONE',  ( 2.400000000000000799, 9.699999999999999289, -2.816025568065744444 ) ) ;
#13 = VECTOR ( 'NONE', #711, 1000.000000000000000 ) ;
#14 = ORIENTED_EDGE ( 'NONE', *, *, #114, .T. ) ;
#15 = EDGE_LOOP ( 'NONE', ( #1437, #730, #1755, #1030 ) ) ;
#16 = TOROIDAL_SURFACE ( 'NONE', #449, 3.700000000000001066, 0.3000000000000001554 ) ;
#17 =( NAMED_UNIT ( * ) SI_UNIT ( $, .STERADIAN. ) SOLID_ANGLE_UNIT ( ) );
#18 = VECTOR ( 'NONE', #1422, 1000.000000000000000 ) ;
#19 = ORIENTED_EDGE ( 'NONE', *, *, #527, .T. ) ;
#20 = CARTESIAN_POINT ( 'NONE',  ( -4.150000000000002132, 0.1999999999999999833, 2.649999999999997691 ) ) ;
#21 = DIRECTION ( 'NONE',  ( 1.000000000000000000, -0.000000000000000000, 0.000000000000000000 ) ) ;
#22 = DIRECTION ( 'NONE',  ( 0.000000000000000000, 1.000000000000000000, -0.000000000000000000 ) ) ;
#23 = DIRECTION ( 'NONE',  ( 0.000000000000000000, 0.000000000000000000, -1.000000000000000000 ) ) ;
#24 = ORIENTED_EDGE ( 'NONE', *, *, #1743, .F. ) ;
#25 = CARTESIAN_POINT ( 'NONE',  ( 2.074999999999999734, 0.2999999999999999889, 0.4749999999999999778 ) ) ;
#26 = EDGE_LOOP ( 'NONE', ( #1288, #973, #227, #1185 ) ) ;
#27 = PLANE ( 'NONE',  #1284 ) ;
#28 = ORIENTED_EDGE ( 'NONE', *, *, #549, .F. ) ;
#29 = CARTESIAN_POINT ( 'NONE',  ( 0.000000000000000000, 3.412132034355965349, 3.687867965644037849 ) ) ;
#30 = ADVANCED_FACE ( 'NONE', ( #568 ), #683, .T. ) ;
#31 = DIRECTION ( 'NONE',  ( 0.000000000000000000, 0.000000000000000000, -1.000000000000000000 ) ) ;
#32 = DIRECTION ( 'NONE',  ( -0.7071067811865474617, 0.000000000000000000, -0.7071067811865475727 ) ) ;
#33 = EDGE_CURVE ( 'NONE', #416, #1257, #388, .T. ) ;
#34 = CARTESIAN_POINT ( 'NONE',  ( -2.074999999999999734, 0.2999999999999999889, -0.4749999999999999778 ) ) ;
#35 = ORIENTED_EDGE ( 'NONE', *, *, #1482, .F. ) ;
#36 = EDGE_CURVE ( 'NONE', #1805, #1011, #559, .T. ) ;
#37 = CARTESIAN_POINT ( 'NONE',  ( -4.150000000000002132, 0.1999999999999999833, 2.649999999999997691 ) ) ;
#38 = ORIENTED_EDGE ( 'NONE', *, *, #1156, .T. ) ;
#39 = VERTEX_POINT ( 'NONE', #1143 ) ;
#40 = FACE_OUTER_BOUND ( 'NONE', #1303, .T. ) ;
#41 = CARTESIAN_POINT ( 'NONE',  ( -1.739971264130529383, 1.800000000000000044, -4.150000000000001243 ) ) ;
#42 = CARTESIAN_POINT ( 'NONE',  ( 2.400000000000000799, 9.699999999999999289, -3.199999999999999734 ) ) ;
#43 = DIRECTION ( 'NONE',  ( -0.000000000000000000, -1.000000000000000000, -0.000000000000000000 ) ) ;
#44 = ADVANCED_FACE ( 'NONE', ( #551 ), #1732, .F. ) ;
#45 = LINE ( 'NONE', #330, #643 ) ;
#46 = CLOSED_SHELL ( 'NONE', ( #69, #180, #1383, #185, #1675, #1321 ) ) ;
#47 = EDGE_CURVE ( 'NONE', #1537, #741, #1573, .T. ) ;
#48 = ORIENTED_EDGE ( 'NONE', *, *, #1266, .F. ) ;
#49 = DIRECTION ( 'NONE',  ( -0.000000000000000000, -1.000000000000000000, -0.000000000000000000 ) ) ;
#50 = VECTOR ( 'NONE', #1795, 1000.000000000000000 ) ;
#51 = VERTEX_POINT ( 'NONE', #1848 ) ;
#52 = CIRCLE ( 'NONE', #1129, 4.000000000000000000 ) ;
#53 = AXIS2_PLACEMENT_3D ( 'NONE', #1380, #1822, #494 ) ;
#54 = DIRECTION ( 'NONE',  ( 0.000000000000000000, -1.000000000000000000, 0.000000000000000000 ) ) ;
#55 = FACE_OUTER_BOUND ( 'NONE', #1489, .T. ) ;
#56 = CIRCLE ( 'NONE', #335, 3.912132034355964905 ) ;
#57 = LINE ( 'NONE', #1361, #668 ) ;
#58 = LINE ( 'NONE', #1094, #299 ) ;
#59 = ORIENTED_EDGE ( 'NONE', *, *, #1743, .T. ) ;
#60 = CARTESIAN_POINT ( 'NONE',  ( -1.739971264130529605, 1.800000000000000044, 4.149999999999998579 ) ) ;
#61 = ORIENTED_EDGE ( 'NONE', *, *, #1598, .F. ) ;
#62 = SURFACE_STYLE_FILL_AREA ( #1820 ) ;
#63 = CARTESIAN_POINT ( 'NONE',  ( -4.150000000000002132, 1.399999999999999911, -1.739971264130526940 ) ) ;
#64 = ORIENTED_EDGE ( 'NONE', *, *, #519, .F. ) ;
#65 = CYLINDRICAL_SURFACE ( 'NONE', #1619, 0.4749999999999999778 ) ;
#66 = ORIENTED_EDGE ( 'NONE', *, *, #1728, .T. ) ;
#67 = ORIENTED_EDGE ( 'NONE', *, *, #36, .T. ) ;
#68 = DIRECTION ( 'NONE',  ( -0.000000000000000000, 1.000000000000000000, 0.000000000000000000 ) ) ;
#69 = ADVANCED_FACE ( 'NONE', ( #397 ), #254, .F. ) ;
#70 = CARTESIAN_POINT ( 'NONE',  ( 2.075000000000000178, 0.1999999999999999833, -0.7500000000000001110 ) ) ;
#71 = DIRECTION ( 'NONE',  ( 0.000000000000000000, 1.000000000000000000, -0.000000000000000000 ) ) ;
#72 = VECTOR ( 'NONE', #255, 1000.000000000000000 ) ;
#73 = ORIENTED_EDGE ( 'NONE', *, *, #1778, .F. ) ;
#74 = ORIENTED_EDGE ( 'NONE', *, *, #764, .F. ) ;
#75 = VECTOR ( 'NONE', #218, 1000.000000000000000 ) ;
#76 = VECTOR ( 'NONE', #935, 1000.000000000000000 ) ;
#77 = CARTESIAN_POINT ( 'NONE',  ( 4.149999999999998579, 1.800000000000000044, 1.739971264130534490 ) ) ;
#78 = ORIENTED_EDGE ( 'NONE', *, *, #1741, .T. ) ;
#79 = AXIS2_PLACEMENT_3D ( 'NONE', #1000, #71, #1128 ) ;
#80 = EDGE_CURVE ( 'NONE', #436, #310, #1015, .T. ) ;
#81 = CARTESIAN_POINT ( 'NONE',  ( -2.075000000000000178, 0.000000000000000000, 2.261844599450199717E-19 ) ) ;
#82 = ORIENTED_EDGE ( 'NONE', *, *, #1639, .F. ) ;
#83 = ORIENTED_EDGE ( 'NONE', *, *, #1277, .F. ) ;
#84 = ORIENTED_EDGE ( 'NONE', *, *, #1685, .T. ) ;
#85 = DIRECTION ( 'NONE',  ( 0.000000000000000000, 0.000000000000000000, -1.000000000000000000 ) ) ;
#86 = DIRECTION ( 'NONE',  ( 5.225070710773509442E-17, 0.000000000000000000, -1.000000000000000000 ) ) ;
#87 = CARTESIAN_POINT ( 'NONE',  ( 0.000000000000000000, 9.699999999999999289, -3.700000000000000178 ) ) ;
#88 = EDGE_CURVE ( 'NONE', #1609, #627, #277, .T. ) ;
#89 = FACE_OUTER_BOUND ( 'NONE', #490, .T. ) ;
#90 = VERTEX_POINT ( 'NONE', #987 ) ;
#91 = EDGE_CURVE ( 'NONE', #830, #1556, #896, .T. ) ;
#92 = ORIENTED_EDGE ( 'NONE', *, *, #1191, .F. ) ;
#93 = CARTESIAN_POINT ( 'NONE',  ( 0.000000000000000000, 9.399999999999998579, 0.000000000000000000 ) ) ;
#94 = CARTESIAN_POINT ( 'NONE',  ( -4.150000000000002132, 1.800000000000000044, 0.000000000000000000 ) ) ;
#95 = CARTESIAN_POINT ( 'NONE',  ( 2.400000000000000799, 9.699999999999999289, 2.905999599955640722 ) ) ;
#96 = LINE ( 'NONE', #875, #488 ) ;
#97 = ORIENTED_EDGE ( 'NONE', *, *, #1308, .T. ) ;
#98 = DIRECTION ( 'NONE',  ( -1.000000000000000000, 4.928191693115926948E-17, 0.000000000000000000 ) ) ;
#99 = EDGE_CURVE ( 'NONE', #1297, #1596, #1457, .T. ) ;
#100 = ORIENTED_EDGE ( 'NONE', *, *, #88, .T. ) ;
#101 = ORIENTED_EDGE ( 'NONE', *, *, #273, .T. ) ;
#102 = CIRCLE ( 'NONE', #1647, 0.2999999999999999334 ) ;
#103 = CARTESIAN_POINT ( 'NONE',  ( 0.000000000000000000, 9.699999999999999289, 0.000000000000000000 ) ) ;
#104 = DIRECTION ( 'NONE',  ( 0.000000000000000000, 1.000000000000000000, -0.000000000000000000 ) ) ;
#105 = CIRCLE ( 'NONE', #1188, 3.912132034355964905 ) ;
#106 = CARTESIAN_POINT ( 'NONE',  ( 4.462532088367253147E-16, 3.199999999999999734, 3.600000000000000977 ) ) ;
#107 = VECTOR ( 'NONE', #1354, 1000.000000000000000 ) ;
#108 = CARTESIAN_POINT ( 'NONE',  ( -4.150000000000002132, 1.800000000000000044, 1.739971264130527828 ) ) ;
#109 = VECTOR ( 'NONE', #1833, 1000.000000000000000 ) ;
#110 = ORIENTED_EDGE ( 'NONE', *, *, #1778, .T. ) ;
#111 = VECTOR ( 'NONE', #1529, 1000.000000000000000 ) ;
#112 = PLANE ( 'NONE',  #1012 ) ;
#113 = EDGE_LOOP ( 'NONE', ( #1048, #836, #621, #1069 ) ) ;
#114 = EDGE_CURVE ( 'NONE', #1160, #430, #167, .T. ) ;
#115 = LINE ( 'NONE', #386, #956 ) ;
#116 = CARTESIAN_POINT ( 'NONE',  ( 2.075000000000000178, 0.000000000000000000, 2.261844599450199717E-19 ) ) ;
#117 = ADVANCED_FACE ( 'NONE', ( #147 ), #1486, .F. ) ;
#118 = DIRECTION ( 'NONE',  ( -0.000000000000000000, -1.000000000000000000, -0.000000000000000000 ) ) ;
#119 = CARTESIAN_POINT ( 'NONE',  ( 4.149999999999998579, 0.1999999999999999833, 4.150000000000000355 ) ) ;
#120 = DIRECTION ( 'NONE',  ( 0.000000000000000000, 1.000000000000000000, -0.000000000000000000 ) ) ;
#121 = ORIENTED_EDGE ( 'NONE', *, *, #1263, .F. ) ;
#122 = ORIENTED_EDGE ( 'NONE', *, *, #1103, .T. ) ;
#123 = FACE_OUTER_BOUND ( 'NONE', #841, .T. ) ;
#124 = DIRECTION ( 'NONE',  ( -0.000000000000000000, -1.000000000000000000, -0.000000000000000000 ) ) ;
#125 = ADVANCED_FACE ( 'NONE', ( #1358 ), #1491, .T. ) ;
#126 = CARTESIAN_POINT ( 'NONE',  ( -2.650000000000000355, 0.1999999999999999833, -4.150000000000001243 ) ) ;
#127 = ORIENTED_EDGE ( 'NONE', *, *, #1728, .F. ) ;
#128 = CARTESIAN_POINT ( 'NONE',  ( 4.516335699804032678E-16, 2.687867965644034740, 3.687867965644037849 ) ) ;
#129 = PLANE ( 'NONE',  #1078 ) ;
#130 = EDGE_LOOP ( 'NONE', ( #1217, #422, #162, #1817, #1023, #1726, #622, #1084 ) ) ;
#131 = VERTEX_POINT ( 'NONE', #1200 ) ;
#132 = APPLICATION_CONTEXT ( 'automotive_design' ) ;
#133 = DIRECTION ( 'NONE',  ( -1.000000000000000000, -0.000000000000000000, -1.567521213232052524E-16 ) ) ;
#134 = VECTOR ( 'NONE', #1281, 1000.000000000000000 ) ;
#135 = CARTESIAN_POINT ( 'NONE',  ( -4.150000000000002132, 1.800000000000000044, -2.650000000000001243 ) ) ;
#136 = VECTOR ( 'NONE', #1419, 1000.000000000000000 ) ;
#137 = EDGE_CURVE ( 'NONE', #1292, #1492, #1478, .T. ) ;
#138 = DIRECTION ( 'NONE',  ( -0.000000000000000000, -1.000000000000000000, -0.000000000000000000 ) ) ;
#139 = AXIS2_PLACEMENT_3D ( 'NONE', #469, #783, #1238 ) ;
#140 = FACE_OUTER_BOUND ( 'NONE', #1407, .T. ) ;
#141 = AXIS2_PLACEMENT_3D ( 'NONE', #1197, #1661, #356 ) ;
#142 = UNCERTAINTY_MEASURE_WITH_UNIT (LENGTH_MEASURE( 1.000000000000000082E-05 ), #220, 'distance_accuracy_value', 'NONE');
#143 = ORIENTED_EDGE ( 'NONE', *, *, #721, .T. ) ;
#144 = ORIENTED_EDGE ( 'NONE', *, *, #1721, .T. ) ;
#145 = VECTOR ( 'NONE', #1349, 1000.000000000000000 ) ;
#146 = ORIENTED_EDGE ( 'NONE', *, *, #988, .F. ) ;
#147 = FACE_OUTER_BOUND ( 'NONE', #130, .T. ) ;
#148 = PLANE ( 'NONE',  #1405 ) ;
#149 = DIRECTION ( 'NONE',  ( -0.000000000000000000, -1.000000000000000000, -0.000000000000000000 ) ) ;
#150 = EDGE_CURVE ( 'NONE', #1851, #1814, #745, .T. ) ;
#151 = CARTESIAN_POINT ( 'NONE',  ( 1.739971264130531159, 1.399999999999999911, 4.149999999999999467 ) ) ;
#152 = ADVANCED_FACE ( 'NONE', ( #1786 ), #889, .F. ) ;
#153 = VERTEX_POINT ( 'NONE', #312 ) ;
#154 = EDGE_LOOP ( 'NONE', ( #1313, #225, #73, #1436 ) ) ;
#155 = ORIENTED_EDGE ( 'NONE', *, *, #1741, .F. ) ;
#156 = LINE ( 'NONE', #455, #1734 ) ;
#157 = B_SPLINE_CURVE_WITH_KNOTS ( 'NONE', 3,
 ( #1273, #1850, #1264, #526, #1702, #1713 ),
 .UNSPECIFIED., .F., .F.,
 ( 4, 2, 4 ),
 ( 0.000000000000000000, 0.0002683186135951950817, 0.0005366372271903901633 ),
 .UNSPECIFIED. ) ;
#158 = SURFACE_STYLE_USAGE ( .BOTH. , #1041 ) ;
#159 = LINE ( 'NONE', #1337, #1249 ) ;
#160 = LINE ( 'NONE', #341, #1740 ) ;
#161 = CARTESIAN_POINT ( 'NONE',  ( -2.075000000000000178, 0.2999999999999999889, 0.7500000000000001110 ) ) ;
#162 = ORIENTED_EDGE ( 'NONE', *, *, #686, .F. ) ;
#163 = EDGE_LOOP ( 'NONE', ( #283, #680, #932, #143 ) ) ;
#164 = EDGE_CURVE ( 'NONE', #1544, #1884, #156, .T. ) ;
#165 = SURFACE_STYLE_USAGE ( .BOTH. , #620 ) ;
#166 = ORIENTED_EDGE ( 'NONE', *, *, #1458, .T. ) ;
#167 = LINE ( 'NONE', #904, #1525 ) ;
#168 = FACE_OUTER_BOUND ( 'NONE', #712, .T. ) ;
#169 = FACE_OUTER_BOUND ( 'NONE', #1551, .T. ) ;
#170 = CLOSED_SHELL ( 'NONE', ( #1456, #941, #1536, #30, #1250, #1300 ) ) ;
#171 = ORIENTED_EDGE ( 'NONE', *, *, #615, .T. ) ;
#172 = AXIS2_PLACEMENT_3D ( 'NONE', #1834, #515, #368 ) ;
#173 = LINE ( 'NONE', #794, #960 ) ;
#174 = AXIS2_PLACEMENT_3D ( 'NONE', #1267, #1255, #259 ) ;
#175 = ORIENTED_EDGE ( 'NONE', *, *, #373, .F. ) ;
#176 = AXIS2_PLACEMENT_3D ( 'NONE', #1813, #1089, #1080 ) ;
#177 = DIRECTION ( 'NONE',  ( -0.000000000000000000, -1.000000000000000000, -0.000000000000000000 ) ) ;
#178 = VECTOR ( 'NONE', #400, 1000.000000000000000 ) ;
#179 = VERTEX_POINT ( 'NONE', #734 ) ;
#180 = ADVANCED_FACE ( 'NONE', ( #6 ), #914, .T. ) ;
#181 = CARTESIAN_POINT ( 'NONE',  ( 0.000000000000000000, 3.848528137423854467, 0.000000000000000000 ) ) ;
#182 = AXIS2_PLACEMENT_3D ( 'NONE', #183, #54, #1237 ) ;
#183 = CARTESIAN_POINT ( 'NONE',  ( 2.075000000000000178, 0.2999999999999999889, 2.261844599450199717E-19 ) ) ;
#184 = DIRECTION ( 'NONE',  ( 0.000000000000000000, 0.000000000000000000, 1.000000000000000000 ) ) ;
#185 = ADVANCED_FACE ( 'NONE', ( #1765 ), #439, .F. ) ;
#186 = DIRECTION ( 'NONE',  ( 0.000000000000000000, 0.000000000000000000, -1.000000000000000000 ) ) ;
#187 = FACE_OUTER_BOUND ( 'NONE', #265, .T. ) ;
#188 = FACE_OUTER_BOUND ( 'NONE', #300, .T. ) ;
#189 = SHAPE_DEFINITION_REPRESENTATION ( #1885, #886 ) ;
#190 = CARTESIAN_POINT ( 'NONE',  ( -4.499999999999999112, 0.2999999999999999889, 0.4749999999999999778 ) ) ;
#191 = EDGE_CURVE ( 'NONE', #1477, #917, #304, .T. ) ;
#192 = CARTESIAN_POINT ( 'NONE',  ( 4.499999999999999112, 0.000000000000000000, -0.4749999999999999778 ) ) ;
#193 = CARTESIAN_POINT ( 'NONE',  ( -2.650000000000001688, 0.1999999999999999833, 4.149999999999998579 ) ) ;
#194 = CARTESIAN_POINT ( 'NONE',  ( 4.499999999999999112, 0.2999999999999999889, 0.4749999999999999778 ) ) ;
#195 = EDGE_CURVE ( 'NONE', #287, #1754, #1554, .T. ) ;
#196 = CARTESIAN_POINT ( 'NONE',  ( 4.150000000000003908, 0.1999999999999999833, 0.7499999999999997780 ) ) ;
#197 = VERTEX_POINT ( 'NONE', #29 ) ;
#198 = DIRECTION ( 'NONE',  ( 0.000000000000000000, 0.000000000000000000, -1.000000000000000000 ) ) ;
#199 =( LENGTH_UNIT ( ) NAMED_UNIT ( * ) SI_UNIT ( .MILLI., .METRE. ) );
#200 = DIRECTION ( 'NONE',  ( 0.000000000000000000, 0.000000000000000000, 1.000000000000000000 ) ) ;
#201 = CARTESIAN_POINT ( 'NONE',  ( 2.075000000000000178, 0.2999999999999999889, -0.7500000000000001110 ) ) ;
#202 = CIRCLE ( 'NONE', #383, 4.500000000000000000 ) ;
#203 = CARTESIAN_POINT ( 'NONE',  ( 0.000000000000000000, 0.2999999999999999889, -0.4749999999999999778 ) ) ;
#204 = AXIS2_PLACEMENT_3D ( 'NONE', #193, #1092, #1692 ) ;
#205 = CARTESIAN_POINT ( 'NONE',  ( 4.149999999999998579, 1.800000000000000044, 1.739971264130534490 ) ) ;
#206 = TOROIDAL_SURFACE ( 'NONE', #702, 3.700000000000000178, 0.2999999999999999334 ) ;
#207 = VERTEX_POINT ( 'NONE', #1642 ) ;
#208 = AXIS2_PLACEMENT_3D ( 'NONE', #528, #522, #435 ) ;
#209 = CARTESIAN_POINT ( 'NONE',  ( 4.150000000000003908, 0.2999999999999999889, 0.7499999999999997780 ) ) ;
#210 = DIRECTION ( 'NONE',  ( -1.224646799147353207E-16, 0.000000000000000000, -1.000000000000000000 ) ) ;
#211 = CIRCLE ( 'NONE', #1623, 3.687867965644037849 ) ;
#212 = DIRECTION ( 'NONE',  ( -0.000000000000000000, -1.000000000000000000, -0.000000000000000000 ) ) ;
#213 = PLANE ( 'NONE',  #1683 ) ;
#214 = EDGE_LOOP ( 'NONE', ( #4, #1343, #1895, #876 ) ) ;
#215 = CARTESIAN_POINT ( 'NONE',  ( -4.150000000000003020, 0.2999999999999999889, 0.7499999999999997780 ) ) ;
#216 = ADVANCED_FACE ( 'NONE', ( #898 ), #323, .F. ) ;
#217 = DIRECTION ( 'NONE',  ( -1.000000000000000000, 0.000000000000000000, 1.567521213232052031E-16 ) ) ;
#218 = DIRECTION ( 'NONE',  ( -0.000000000000000000, 1.000000000000000000, -0.000000000000000000 ) ) ;
#219 = DIRECTION ( 'NONE',  ( -0.000000000000000000, -1.000000000000000000, -0.000000000000000000 ) ) ;
#220 =( LENGTH_UNIT ( ) NAMED_UNIT ( * ) SI_UNIT ( .MILLI., .METRE. ) );
#221 = ORIENTED_EDGE ( 'NONE', *, *, #1612, .F. ) ;
#222 = ADVANCED_FACE ( 'NONE', ( #476 ), #1318, .T. ) ;
#223 =( LENGTH_UNIT ( ) NAMED_UNIT ( * ) SI_UNIT ( .MILLI., .METRE. ) );
#224 =( NAMED_UNIT ( * ) SI_UNIT ( $, .STERADIAN. ) SOLID_ANGLE_UNIT ( ) );
#225 = ORIENTED_EDGE ( 'NONE', *, *, #724, .F. ) ;
#226 = DIRECTION ( 'NONE',  ( -0.000000000000000000, -1.000000000000000000, -0.000000000000000000 ) ) ;
#227 = ORIENTED_EDGE ( 'NONE', *, *, #549, .T. ) ;
#228 = AXIS2_PLACEMENT_3D ( 'NONE', #1526, #633, #1816 ) ;
#229 = DIRECTION ( 'NONE',  ( 0.000000000000000000, 0.000000000000000000, -1.000000000000000000 ) ) ;
#230 = EDGE_CURVE ( 'NONE', #1649, #751, #1757, .T. ) ;
#231 = ORIENTED_EDGE ( 'NONE', *, *, #7, .T. ) ;
#232 = VECTOR ( 'NONE', #236, 1000.000000000000000 ) ;
#233 = AXIS2_PLACEMENT_3D ( 'NONE', #242, #1562, #98 ) ;
#234 = CARTESIAN_POINT ( 'NONE',  ( -4.150000000000002132, 0.1999999999999999833, 2.649999999999997691 ) ) ;
#235 = EDGE_CURVE ( 'NONE', #1408, #1355, #491, .T. ) ;
#236 = DIRECTION ( 'NONE',  ( -0.000000000000000000, -1.000000000000000000, -0.000000000000000000 ) ) ;
#237 = EDGE_LOOP ( 'NONE', ( #1452, #775, #171 ) ) ;
#238 = CIRCLE ( 'NONE', #1560, 4.500000000000000888 ) ;
#239 = FACE_OUTER_BOUND ( 'NONE', #847, .T. ) ;
#240 = COLOUR_RGB ( '',0.2509803921568627416, 0.2509803921568627416, 0.2509803921568627416 ) ;
#241 = CARTESIAN_POINT ( 'NONE',  ( -4.150000000000002132, 0.1999999999999999833, -2.650000000000000799 ) ) ;
#242 = CARTESIAN_POINT ( 'NONE',  ( 4.212971753347078429E-32, 9.399999999999998579, 0.000000000000000000 ) ) ;
#243 = ORIENTED_EDGE ( 'NONE', *, *, #552, .T. ) ;
#244 = EDGE_LOOP ( 'NONE', ( #1547, #1840, #572, #580 ) ) ;
#245 = LINE ( 'NONE', #1699, #934 ) ;
#246 = DIRECTION ( 'NONE',  ( 0.000000000000000000, 1.000000000000000000, -0.000000000000000000 ) ) ;
#247 = PLANE ( 'NONE',  #536 ) ;
#248 = DIRECTION ( 'NONE',  ( 0.000000000000000000, 0.000000000000000000, 1.000000000000000000 ) ) ;
#249 = ADVANCED_FACE ( 'NONE', ( #40 ), #635, .F. ) ;
#250 = LINE ( 'NONE', #854, #18 ) ;
#251 = FACE_OUTER_BOUND ( 'NONE', #1631, .T. ) ;
#252 = ORIENTED_EDGE ( 'NONE', *, *, #724, .T. ) ;
#253 = LINE ( 'NONE', #524, #329 ) ;
#254 = PLANE ( 'NONE',  #924 ) ;
#255 = DIRECTION ( 'NONE',  ( -0.000000000000000000, -1.000000000000000000, -0.000000000000000000 ) ) ;
#256 = EDGE_CURVE ( 'NONE', #737, #311, #1509, .T. ) ;
#257 = LINE ( 'NONE', #1252, #178 ) ;
#258 = EDGE_CURVE ( 'NONE', #1601, #753, #1871, .T. ) ;
#259 = DIRECTION ( 'NONE',  ( 0.000000000000000000, 0.000000000000000000, 1.000000000000000000 ) ) ;
#260 = ORIENTED_EDGE ( 'NONE', *, *, #1362, .T. ) ;
#261 = ORIENTED_EDGE ( 'NONE', *, *, #891, .F. ) ;
#262 = VECTOR ( 'NONE', #612, 999.9999999999998863 ) ;
#263 = DIRECTION ( 'NONE',  ( -0.000000000000000000, -1.000000000000000000, -0.000000000000000000 ) ) ;
#264 = CIRCLE ( 'NONE', #1738, 4.000000000000000000 ) ;
#265 = EDGE_LOOP ( 'NONE', ( #512, #687, #127, #421 ) ) ;
#266 = AXIS2_PLACEMENT_3D ( 'NONE', #678, #547, #1570 ) ;
#267 = CARTESIAN_POINT ( 'NONE',  ( 2.400000000000000799, 9.567353448321940235, 3.140621480312162817 ) ) ;
#268 = VECTOR ( 'NONE', #918, 1000.000000000000000 ) ;
#269 = CARTESIAN_POINT ( 'NONE',  ( -2.650000000000001688, 0.1999999999999999833, 4.149999999999998579 ) ) ;
#270 = CIRCLE ( 'NONE', #1381, 4.000000000000000000 ) ;
#271 = CIRCLE ( 'NONE', #1747, 3.687867965644037849 ) ;
#272 = CARTESIAN_POINT ( 'NONE',  ( -4.150000000000002132, 1.800000000000000044, -1.739971264130527828 ) ) ;
#273 = EDGE_CURVE ( 'NONE', #1609, #179, #1595, .T. ) ;
#274 = ORIENTED_EDGE ( 'NONE', *, *, #273, .F. ) ;
#275 = EDGE_CURVE ( 'NONE', #1763, #1477, #102, .T. ) ;
#276 = CARTESIAN_POINT ( 'NONE',  ( 4.149999999999998579, 1.399999999999999911, 4.150000000000000355 ) ) ;
#277 = LINE ( 'NONE', #1449, #409 ) ;
#278 = FILL_AREA_STYLE ('',( #1787 ) ) ;
#279 = CARTESIAN_POINT ( 'NONE',  ( 4.149999999999998579, 1.800000000000000044, 0.000000000000000000 ) ) ;
#280 = ORIENTED_EDGE ( 'NONE', *, *, #1612, .T. ) ;
#281 = DIRECTION ( 'NONE',  ( 1.000000000000000000, 0.000000000000000000, -1.224646799147353207E-16 ) ) ;
#282 = CARTESIAN_POINT ( 'NONE',  ( 4.776122516674678272E-16, 3.199999999999999734, 3.900000000000000799 ) ) ;
#283 = ORIENTED_EDGE ( 'NONE', *, *, #1663, .F. ) ;
#284 = VERTEX_POINT ( 'NONE', #106 ) ;
#285 = PRESENTATION_STYLE_ASSIGNMENT (( #158 ) ) ;
#286 = DIRECTION ( 'NONE',  ( 0.000000000000000000, 0.000000000000000000, -1.000000000000000000 ) ) ;
#287 = VERTEX_POINT ( 'NONE', #1711 ) ;
#288 = CARTESIAN_POINT ( 'NONE',  ( 4.149999999999998579, 1.800000000000000044, -1.739971264130534490 ) ) ;
#289 = EDGE_LOOP ( 'NONE', ( #1373, #1342 ) ) ;
#290 = ADVANCED_FACE ( 'NONE', ( #239 ), #1028, .T. ) ;
#291 = DIRECTION ( 'NONE',  ( -0.7071067811865474617, -0.000000000000000000, -0.7071067811865476838 ) ) ;
#292 = ADVANCED_FACE ( 'NONE', ( #533 ), #1583, .T. ) ;
#293 = AXIS2_PLACEMENT_3D ( 'NONE', #403, #86, #1163 ) ;
#294 = DIRECTION ( 'NONE',  ( -0.000000000000000000, -1.000000000000000000, -0.000000000000000000 ) ) ;
#295 = CARTESIAN_POINT ( 'NONE',  ( 2.400000000000000799, 9.676580271839558378, -2.997311140851743438 ) ) ;
#296 = CIRCLE ( 'NONE', #833, 4.500000000000000000 ) ;
#297 = DIRECTION ( 'NONE',  ( -0.000000000000000000, -1.000000000000000000, -0.000000000000000000 ) ) ;
#298 = ADVANCED_FACE ( 'NONE', ( #553 ), #1750, .T. ) ;
#299 = VECTOR ( 'NONE', #1638, 1000.000000000000000 ) ;
#300 = EDGE_LOOP ( 'NONE', ( #28, #59, #1693, #1689 ) ) ;
#301 = ORIENTED_EDGE ( 'NONE', *, *, #1177, .T. ) ;
#302 = VECTOR ( 'NONE', #739, 1000.000000000000000 ) ;
#303 = ORIENTED_EDGE ( 'NONE', *, *, #597, .F. ) ;
#304 = LINE ( 'NONE', #1073, #262 ) ;
#305 = DIRECTION ( 'NONE',  ( 0.000000000000000000, 0.000000000000000000, 1.000000000000000000 ) ) ;
#306 = PLANE ( 'NONE',  #385 ) ;
#307 = ADVANCED_FACE ( 'NONE', ( #404 ), #725, .F. ) ;
#308 = CARTESIAN_POINT ( 'NONE',  ( 0.000000000000000000, 1.800000000000000044, 0.000000000000000000 ) ) ;
#309 = ORIENTED_EDGE ( 'NONE', *, *, #88, .F. ) ;
#310 = VERTEX_POINT ( 'NONE', #1166 ) ;
#311 = VERTEX_POINT ( 'NONE', #1293 ) ;
#312 = CARTESIAN_POINT ( 'NONE',  ( -4.150000000000003020, 0.1999999999999999833, 0.7499999999999997780 ) ) ;
#313 = LINE ( 'NONE', #1613, #601 ) ;
#314 = ADVANCED_FACE ( 'NONE', ( #425 ), #1849, .F. ) ;
#315 = ORIENTED_EDGE ( 'NONE', *, *, #1204, .F. ) ;
#316 = LINE ( 'NONE', #25, #1043 ) ;
#317 = EDGE_CURVE ( 'NONE', #653, #1011, #1307, .T. ) ;
#318 = ORIENTED_EDGE ( 'NONE', *, *, #137, .T. ) ;
#319 = CYLINDRICAL_SURFACE ( 'NONE', #1558, 4.000000000000001776 ) ;
#320 = EDGE_CURVE ( 'NONE', #131, #1905, #845, .T. ) ;
#321 = ORIENTED_EDGE ( 'NONE', *, *, #1348, .T. ) ;
#322 = ORIENTED_EDGE ( 'NONE', *, *, #1519, .F. ) ;
#323 = CYLINDRICAL_SURFACE ( 'NONE', #831, 0.7500000000000001110 ) ;
#324 = DIRECTION ( 'NONE',  ( -0.000000000000000000, -1.000000000000000000, -0.000000000000000000 ) ) ;
#325 = CARTESIAN_POINT ( 'NONE',  ( -2.075000000000000178, 0.2999999999999999889, 2.261844599450199717E-19 ) ) ;
#326 = CARTESIAN_POINT ( 'NONE',  ( 4.149999999999998579, 0.1999999999999999833, 4.150000000000000355 ) ) ;
#327 = VECTOR ( 'NONE', #591, 1000.000000000000000 ) ;
#328 = VERTEX_POINT ( 'NONE', #1413 ) ;
#329 = VECTOR ( 'NONE', #859, 1000.000000000000000 ) ;
#330 = CARTESIAN_POINT ( 'NONE',  ( -4.150000000000002132, 0.1999999999999999833, -2.650000000000000799 ) ) ;
#331 = AXIS2_PLACEMENT_3D ( 'NONE', #1216, #916, #1668 ) ;
#332 = VERTEX_POINT ( 'NONE', #399 ) ;
#333 = AXIS2_PLACEMENT_3D ( 'NONE', #729, #120, #555 ) ;
#334 = APPLICATION_PROTOCOL_DEFINITION ( 'draft international standard', 'automotive_design', 1998, #132 ) ;
#335 = AXIS2_PLACEMENT_3D ( 'NONE', #717, #554, #1433 ) ;
#336 = VERTEX_POINT ( 'NONE', #87 ) ;
#337 = CARTESIAN_POINT ( 'NONE',  ( 4.149999999999998579, 0.1999999999999999833, 4.150000000000000355 ) ) ;
#338 = EDGE_CURVE ( 'NONE', #610, #1596, #650, .T. ) ;
#339 = DIRECTION ( 'NONE',  ( -0.000000000000000000, -1.000000000000000000, -0.000000000000000000 ) ) ;
#340 = CARTESIAN_POINT ( 'NONE',  ( 4.776122516674678272E-16, 2.899999999999999911, 3.900000000000000799 ) ) ;
#341 = CARTESIAN_POINT ( 'NONE',  ( -2.075000000000000178, 0.2999999999999999889, -0.7500000000000001110 ) ) ;
#342 = PLANE ( 'NONE',  #670 ) ;
#343 = ORIENTED_EDGE ( 'NONE', *, *, #1903, .F. ) ;
#344 = DIRECTION ( 'NONE',  ( -0.000000000000000000, -1.000000000000000000, -0.000000000000000000 ) ) ;
#345 = LINE ( 'NONE', #1392, #111 ) ;
#346 = PRESENTATION_STYLE_ASSIGNMENT (( #829 ) ) ;
#347 = CARTESIAN_POINT ( 'NONE',  ( 4.000000000000001776, 1.399999999999999911, 0.000000000000000000 ) ) ;
#348 = DIRECTION ( 'NONE',  ( 1.000000000000000000, -0.000000000000000000, -5.225070710773506360E-17 ) ) ;
#349 = CARTESIAN_POINT ( 'NONE',  ( 4.149999999999998579, 0.1999999999999999833, 4.150000000000000355 ) ) ;
#350 = ORIENTED_EDGE ( 'NONE', *, *, #1696, .F. ) ;
#351 = PLANE ( 'NONE',  #11 ) ;
#352 = PRODUCT_RELATED_PRODUCT_CATEGORY ( 'part', '', ( #679 ) ) ;
#353 = DIRECTION ( 'NONE',  ( 0.000000000000000000, 0.000000000000000000, -1.000000000000000000 ) ) ;
#354 = AXIS2_PLACEMENT_3D ( 'NONE', #906, #22, #1034 ) ;
#355 = EDGE_CURVE ( 'NONE', #51, #336, #1225, .T. ) ;
#356 = DIRECTION ( 'NONE',  ( 0.000000000000000000, -0.000000000000000000, -1.000000000000000000 ) ) ;
#357 = DIRECTION ( 'NONE',  ( -0.000000000000000000, -1.000000000000000000, -0.000000000000000000 ) ) ;
#358 = VECTOR ( 'NONE', #1660, 1000.000000000000000 ) ;
#359 = AXIS2_PLACEMENT_3D ( 'NONE', #658, #1576, #1112 ) ;
#360 = CIRCLE ( 'NONE', #1438, 3.700000000000000178 ) ;
#361 = DIRECTION ( 'NONE',  ( -0.000000000000000000, -1.000000000000000000, -0.000000000000000000 ) ) ;
#362 = DIRECTION ( 'NONE',  ( 1.000000000000000000, 0.000000000000000000, -1.224646799147353207E-16 ) ) ;
#363 = VECTOR ( 'NONE', #361, 1000.000000000000000 ) ;
#364 = PLANE ( 'NONE',  #772 ) ;
#365 = ORIENTED_EDGE ( 'NONE', *, *, #164, .F. ) ;
#366 = LINE ( 'NONE', #382, #1654 ) ;
#367 =( NAMED_UNIT ( * ) PLANE_ANGLE_UNIT ( ) SI_UNIT ( $, .RADIAN. ) );
#368 = DIRECTION ( 'NONE',  ( 0.000000000000000000, 0.000000000000000000, -1.000000000000000000 ) ) ;
#369 = ORIENTED_EDGE ( 'NONE', *, *, #660, .T. ) ;
#370 = DIRECTION ( 'NONE',  ( -1.000000000000000000, 0.000000000000000000, -0.000000000000000000 ) ) ;
#371 = EDGE_CURVE ( 'NONE', #674, #1186, #989, .T. ) ;
#372 = FILL_AREA_STYLE ('',( #1843 ) ) ;
#373 = EDGE_CURVE ( 'NONE', #653, #1426, #202, .T. ) ;
#374 = ORIENTED_EDGE ( 'NONE', *, *, #36, .F. ) ;
#375 = ORIENTED_EDGE ( 'NONE', *, *, #988, .T. ) ;
#376 = ADVANCED_FACE ( 'NONE', ( #168 ), #478, .F. ) ;
#377 = CARTESIAN_POINT ( 'NONE',  ( -4.150000000000002132, 0.1999999999999999833, -2.650000000000000799 ) ) ;
#378 = LINE ( 'NONE', #1003, #1527 ) ;
#379 = ORIENTED_EDGE ( 'NONE', *, *, #1626, .T. ) ;
#380 = CARTESIAN_POINT ( 'NONE',  ( 4.531193156845206201E-16, 9.399999999999998579, 3.700000000000000178 ) ) ;
#381 = ORIENTED_EDGE ( 'NONE', *, *, #33, .T. ) ;
#382 = CARTESIAN_POINT ( 'NONE',  ( 4.150000000000003908, 0.2999999999999999889, -0.7500000000000002220 ) ) ;
#383 = AXIS2_PLACEMENT_3D ( 'NONE', #1759, #1625, #305 ) ;
#384 = AXIS2_PLACEMENT_3D ( 'NONE', #1592, #480, #1093 ) ;
#385 = AXIS2_PLACEMENT_3D ( 'NONE', #942, #1513, #1368 ) ;
#386 = CARTESIAN_POINT ( 'NONE',  ( 4.149999999999998579, 0.1999999999999999833, -4.150000000000000355 ) ) ;
#387 = EDGE_CURVE ( 'NONE', #1609, #1805, #440, .T. ) ;
#388 = LINE ( 'NONE', #94, #567 ) ;
#389 = VECTOR ( 'NONE', #1607, 1000.000000000000000 ) ;
#390 = CARTESIAN_POINT ( 'NONE',  ( 2.400000000000000799, 9.699999999999999289, 2.816025568065742668 ) ) ;
#391 =( GEOMETRIC_REPRESENTATION_CONTEXT ( 3 ) GLOBAL_UNCERTAINTY_ASSIGNED_CONTEXT ( ( #909 ) ) GLOBAL_UNIT_ASSIGNED_CONTEXT ( ( #467, #766, #570 ) ) REPRESENTATION_CONTEXT ( 'NONE', 'WORKASPACE' ) );
#392 = DIRECTION ( 'NONE',  ( 1.000000000000000000, 0.000000000000000000, -1.224646799147353207E-16 ) ) ;
#393 = VERTEX_POINT ( 'NONE', #756 ) ;
#394 = ORIENTED_EDGE ( 'NONE', *, *, #137, .F. ) ;
#395 = ORIENTED_EDGE ( 'NONE', *, *, #47, .F. ) ;
#396 = CARTESIAN_POINT ( 'NONE',  ( -1.739971264130529383, 1.399999999999999911, -4.150000000000001243 ) ) ;
#397 = FACE_OUTER_BOUND ( 'NONE', #464, .T. ) ;
#398 = EDGE_CURVE ( 'NONE', #1357, #416, #926, .T. ) ;
#399 = CARTESIAN_POINT ( 'NONE',  ( -2.075000000000000178, 0.1999999999999999833, 0.7500000000000001110 ) ) ;
#400 = DIRECTION ( 'NONE',  ( -1.000000000000000000, 0.000000000000000000, -1.275531967630005492E-16 ) ) ;
#401 = DIRECTION ( 'NONE',  ( 1.000000000000000000, -0.000000000000000000, -5.225070710773506360E-17 ) ) ;
#402 = ORIENTED_EDGE ( 'NONE', *, *, #498, .F. ) ;
#403 = CARTESIAN_POINT ( 'NONE',  ( -4.150000000000003020, 0.2999999999999999889, -0.7500000000000002220 ) ) ;
#404 = FACE_OUTER_BOUND ( 'NONE', #556, .T. ) ;
#405 = CARTESIAN_POINT ( 'NONE',  ( 0.000000000000000000, 0.000000000000000000, 0.4749999999999999778 ) ) ;
#406 = EDGE_CURVE ( 'NONE', #609, #1171, #313, .T. ) ;
#407 = DIRECTION ( 'NONE',  ( -0.000000000000000000, -1.000000000000000000, -0.000000000000000000 ) ) ;
#408 = VERTEX_POINT ( 'NONE', #2 ) ;
#409 = VECTOR ( 'NONE', #124, 1000.000000000000000 ) ;
#410 = DIRECTION ( 'NONE',  ( 0.000000000000000000, 0.000000000000000000, -1.000000000000000000 ) ) ;
#411 =( GEOMETRIC_REPRESENTATION_CONTEXT ( 3 ) GLOBAL_UNCERTAINTY_ASSIGNED_CONTEXT ( ( #1183 ) ) GLOBAL_UNIT_ASSIGNED_CONTEXT ( ( #1810, #1681, #224 ) ) REPRESENTATION_CONTEXT ( 'NONE', 'WORKASPACE' ) );
#412 = CARTESIAN_POINT ( 'NONE',  ( 4.499999999999999112, 0.2999999999999999889, 0.000000000000000000 ) ) ;
#413 = VECTOR ( 'NONE', #474, 1000.000000000000000 ) ;
#414 = DIRECTION ( 'NONE',  ( 0.000000000000000000, 0.000000000000000000, -1.000000000000000000 ) ) ;
#415 = TOROIDAL_SURFACE ( 'NONE', #1081, 3.700000000000001066, 0.3000000000000001554 ) ;
#416 = VERTEX_POINT ( 'NONE', #135 ) ;
#417 =( GEOMETRIC_REPRESENTATION_CONTEXT ( 3 ) GLOBAL_UNCERTAINTY_ASSIGNED_CONTEXT ( ( #773 ) ) GLOBAL_UNIT_ASSIGNED_CONTEXT ( ( #199, #1097, #477 ) ) REPRESENTATION_CONTEXT ( 'NONE', 'WORKASPACE' ) );
#418 = DIRECTION ( 'NONE',  ( -1.224646799147353207E-16, 0.000000000000000000, -1.000000000000000000 ) ) ;
#419 = EDGE_CURVE ( 'NONE', #677, #1130, #1386, .T. ) ;
#420 = ORIENTED_EDGE ( 'NONE', *, *, #518, .F. ) ;
#421 = ORIENTED_EDGE ( 'NONE', *, *, #7, .F. ) ;
#422 = ORIENTED_EDGE ( 'NONE', *, *, #1135, .T. ) ;
#423 = DIRECTION ( 'NONE',  ( -1.000000000000000000, 4.928191693115926948E-17, 0.000000000000000000 ) ) ;
#424 = DIRECTION ( 'NONE',  ( 0.000000000000000000, 0.000000000000000000, 1.000000000000000000 ) ) ;
#425 = FACE_OUTER_BOUND ( 'NONE', #566, .T. ) ;
#426 = EDGE_LOOP ( 'NONE', ( #1295, #537, #1878, #1866 ) ) ;
#427 = DIRECTION ( 'NONE',  ( 1.000000000000000000, -0.000000000000000000, 0.000000000000000000 ) ) ;
#428 =( NAMED_UNIT ( * ) SI_UNIT ( $, .STERADIAN. ) SOLID_ANGLE_UNIT ( ) );
#429 = EDGE_LOOP ( 'NONE', ( #933, #122, #1701, #395 ) ) ;
#430 = VERTEX_POINT ( 'NONE', #747 ) ;
#431 = DIRECTION ( 'NONE',  ( -0.000000000000000000, -1.000000000000000000, -0.000000000000000000 ) ) ;
#432 = EDGE_CURVE ( 'NONE', #1355, #1830, #159, .T. ) ;
#433 = PLANE ( 'NONE',  #1127 ) ;
#434 = DIRECTION ( 'NONE',  ( -1.567521213232052771E-16, 0.000000000000000000, 1.000000000000000000 ) ) ;
#435 = DIRECTION ( 'NONE',  ( 0.000000000000000000, 0.000000000000000000, 1.000000000000000000 ) ) ;
#436 = VERTEX_POINT ( 'NONE', #444 ) ;
#437 = VERTEX_POINT ( 'NONE', #1192 ) ;
#438 = ORIENTED_EDGE ( 'NONE', *, *, #164, .T. ) ;
#439 = PLANE ( 'NONE',  #1155 ) ;
#440 = CIRCLE ( 'NONE', #354, 4.500000000000000000 ) ;
#441 = VECTOR ( 'NONE', #801, 1000.000000000000000 ) ;
#442 = DIRECTION ( 'NONE',  ( 0.000000000000000000, 0.000000000000000000, -1.000000000000000000 ) ) ;
#443 = ADVANCED_FACE ( 'NONE', ( #1051 ), #583, .T. ) ;
#444 = CARTESIAN_POINT ( 'NONE',  ( -2.074999999999999734, 0.2999999999999999889, 0.4749999999999999778 ) ) ;
#445 = AXIS2_PLACEMENT_3D ( 'NONE', #1052, #43, #186 ) ;
#446 = LINE ( 'NONE', #405, #1897 ) ;
#447 = AXIS2_PLACEMENT_3D ( 'NONE', #1406, #1114, #229 ) ;
#448 = DIRECTION ( 'NONE',  ( 0.000000000000000000, 0.000000000000000000, -1.000000000000000000 ) ) ;
#449 = AXIS2_PLACEMENT_3D ( 'NONE', #564, #1902, #1148 ) ;
#450 = UNCERTAINTY_MEASURE_WITH_UNIT (LENGTH_MEASURE( 1.000000000000000082E-05 ), #1752, 'distance_accuracy_value', 'NONE');
#451 = VERTEX_POINT ( 'NONE', #1502 ) ;
#452 = ORIENTED_EDGE ( 'NONE', *, *, #1800, .T. ) ;
#453 = CIRCLE ( 'NONE', #1715, 0.2999999999999999334 ) ;
#454 = PRESENTATION_STYLE_ASSIGNMENT (( #165 ) ) ;
#455 = CARTESIAN_POINT ( 'NONE',  ( -4.150000000000002132, 0.1999999999999999833, 2.649999999999997691 ) ) ;
#456 = EDGE_CURVE ( 'NONE', #588, #311, #1215, .T. ) ;
#457 = DIRECTION ( 'NONE',  ( 0.000000000000000000, 0.000000000000000000, -1.000000000000000000 ) ) ;
#458 = CARTESIAN_POINT ( 'NONE',  ( 2.400000000000001243, 9.700000000000002842, -2.905953194991290900 ) ) ;
#459 = ADVANCED_FACE ( 'NONE', ( #1605 ), #1345, .T. ) ;
#460 = DIRECTION ( 'NONE',  ( -0.000000000000000000, 1.000000000000000000, -0.000000000000000000 ) ) ;
#461 = ORIENTED_EDGE ( 'NONE', *, *, #275, .F. ) ;
#462 = EDGE_CURVE ( 'NONE', #197, #1477, #1585, .T. ) ;
#463 = DIRECTION ( 'NONE',  ( 0.000000000000000000, 0.000000000000000000, -1.000000000000000000 ) ) ;
#464 = EDGE_LOOP ( 'NONE', ( #1416, #1523, #146, #1854 ) ) ;
#465 = EDGE_LOOP ( 'NONE', ( #744, #322, #1461, #1083, #1109, #315, #92, #489 ) ) ;
#466 = DIRECTION ( 'NONE',  ( -0.000000000000000000, -1.000000000000000000, -0.000000000000000000 ) ) ;
#467 =( LENGTH_UNIT ( ) NAMED_UNIT ( * ) SI_UNIT ( .MILLI., .METRE. ) );
#468 = DIRECTION ( 'NONE',  ( 0.7071067811865475727, 0.000000000000000000, -0.7071067811865474617 ) ) ;
#469 = CARTESIAN_POINT ( 'NONE',  ( 0.000000000000000000, 1.800000000000000044, 0.000000000000000000 ) ) ;
#470 = ADVANCED_FACE ( 'NONE', ( #1788 ), #433, .F. ) ;
#471 = ORIENTED_EDGE ( 'NONE', *, *, #1598, .T. ) ;
#472 = EDGE_CURVE ( 'NONE', #753, #437, #296, .T. ) ;
#473 = ORIENTED_EDGE ( 'NONE', *, *, #338, .T. ) ;
#474 = DIRECTION ( 'NONE',  ( -0.000000000000000000, 1.000000000000000000, -0.000000000000000000 ) ) ;
#475 = ORIENTED_EDGE ( 'NONE', *, *, #462, .T. ) ;
#476 = FACE_OUTER_BOUND ( 'NONE', #1608, .T. ) ;
#477 =( NAMED_UNIT ( * ) SI_UNIT ( $, .STERADIAN. ) SOLID_ANGLE_UNIT ( ) );
#478 = CYLINDRICAL_SURFACE ( 'NONE', #1280, 0.7500000000000001110 ) ;
#479 = VECTOR ( 'NONE', #1545, 1000.000000000000000 ) ;
#480 = DIRECTION ( 'NONE',  ( -1.000000000000000000, 4.928191693115927565E-17, 0.000000000000000000 ) ) ;
#481 = VERTEX_POINT ( 'NONE', #892 ) ;
#482 = CIRCLE ( 'NONE', #1831, 0.2999999999999999334 ) ;
#483 = DIRECTION ( 'NONE',  ( 4.928191693115926948E-17, 1.000000000000000000, 0.000000000000000000 ) ) ;
#484 = ORIENTED_EDGE ( 'NONE', *, *, #472, .F. ) ;
#485 = ORIENTED_EDGE ( 'NONE', *, *, #1824, .F. ) ;
#486 = DIRECTION ( 'NONE',  ( 0.000000000000000000, 0.000000000000000000, -1.000000000000000000 ) ) ;
#487 = EDGE_CURVE ( 'NONE', #1257, #1426, #736, .T. ) ;
#488 = VECTOR ( 'NONE', #1462, 1000.000000000000000 ) ;
#489 = ORIENTED_EDGE ( 'NONE', *, *, #1603, .F. ) ;
#490 = EDGE_LOOP ( 'NONE', ( #877, #1801, #1317, #1883 ) ) ;
#491 = LINE ( 'NONE', #1085, #1125 ) ;
#492 = CARTESIAN_POINT ( 'NONE',  ( -4.150000000000003020, 0.2999999999999999889, -0.7500000000000002220 ) ) ;
#493 = CARTESIAN_POINT ( 'NONE',  ( 0.000000000000000000, 2.899999999999999911, 0.000000000000000000 ) ) ;
#494 = DIRECTION ( 'NONE',  ( 0.000000000000000000, 0.000000000000000000, -1.000000000000000000 ) ) ;
#495 = ADVANCED_FACE ( 'NONE', ( #1320 ), #1900, .F. ) ;
#496 = CARTESIAN_POINT ( 'NONE',  ( 0.000000000000000000, 3.636396103067889296, -3.912132034355964905 ) ) ;
#497 = ORIENTED_EDGE ( 'NONE', *, *, #891, .T. ) ;
#498 = EDGE_CURVE ( 'NONE', #848, #1754, #805, .T. ) ;
#499 = MANIFOLD_SOLID_BREP ( 'Positive Pin', #46 ) ;
#500 = CARTESIAN_POINT ( 'NONE',  ( 0.000000000000000000, 3.848528137423854911, 0.000000000000000000 ) ) ;
#501 = EDGE_CURVE ( 'NONE', #1649, #1773, #482, .T. ) ;
#502 = DIRECTION ( 'NONE',  ( -0.000000000000000000, -1.000000000000000000, -0.000000000000000000 ) ) ;
#503 = CARTESIAN_POINT ( 'NONE',  ( 0.000000000000000000, 0.000000000000000000, 0.000000000000000000 ) ) ;
#504 = CARTESIAN_POINT ( 'NONE',  ( 0.000000000000000000, 1.399999999999999911, 0.000000000000000000 ) ) ;
#505 = LINE ( 'NONE', #1098, #1432 ) ;
#506 = EDGE_CURVE ( 'NONE', #1136, #848, #662, .T. ) ;
#507 = AXIS2_PLACEMENT_3D ( 'NONE', #1727, #571, #1451 ) ;
#508 = CARTESIAN_POINT ( 'NONE',  ( 4.149999999999998579, 0.1999999999999999833, 4.150000000000000355 ) ) ;
#509 = AXIS2_PLACEMENT_3D ( 'NONE', #815, #1398, #1393 ) ;
#510 = DIRECTION ( 'NONE',  ( 0.000000000000000000, 1.000000000000000000, -0.000000000000000000 ) ) ;
#511 = CIRCLE ( 'NONE', #174, 0.4749999999999999778 ) ;
#512 = ORIENTED_EDGE ( 'NONE', *, *, #432, .T. ) ;
#513 = CIRCLE ( 'NONE', #984, 0.2999999999999999334 ) ;
#514 = AXIS2_PLACEMENT_3D ( 'NONE', #974, #219, #825 ) ;
#515 = DIRECTION ( 'NONE',  ( -0.000000000000000000, -1.000000000000000000, -0.000000000000000000 ) ) ;
#516 = ORIENTED_EDGE ( 'NONE', *, *, #1696, .T. ) ;
#517 = CIRCLE ( 'NONE', #874, 4.000000000000001776 ) ;
#518 = EDGE_CURVE ( 'NONE', #911, #1591, #1075, .T. ) ;
#519 = EDGE_CURVE ( 'NONE', #408, #393, #1530, .T. ) ;
#520 = LINE ( 'NONE', #508, #646 ) ;
#521 = EDGE_CURVE ( 'NONE', #1171, #437, #505, .T. ) ;
#522 = DIRECTION ( 'NONE',  ( 0.000000000000000000, 1.000000000000000000, -0.000000000000000000 ) ) ;
#523 = EDGE_LOOP ( 'NONE', ( #243, #1744, #221, #1859 ) ) ;
#524 = CARTESIAN_POINT ( 'NONE',  ( 4.150000000000003908, 0.2999999999999999889, 0.7499999999999997780 ) ) ;
#525 = ORIENTED_EDGE ( 'NONE', *, *, #1169, .T. ) ;
#526 = CARTESIAN_POINT ( 'NONE',  ( 2.400000000000000799, 9.574594138601664639, -3.145256583671761419 ) ) ;
#527 = EDGE_CURVE ( 'NONE', #695, #1357, #1658, .T. ) ;
#528 = CARTESIAN_POINT ( 'NONE',  ( 0.000000000000000000, 1.399999999999999911, 0.000000000000000000 ) ) ;
#529 = ADVANCED_FACE ( 'NONE', ( #1247 ), #897, .T. ) ;
#530 = CARTESIAN_POINT ( 'NONE',  ( 2.399999999999999911, 9.699999999999999289, 2.816025568065744444 ) ) ;
#531 = FACE_OUTER_BOUND ( 'NONE', #1196, .T. ) ;
#532 = DIRECTION ( 'NONE',  ( 0.000000000000000000, 0.000000000000000000, -1.000000000000000000 ) ) ;
#533 = FACE_OUTER_BOUND ( 'NONE', #888, .T. ) ;
#534 = DIRECTION ( 'NONE',  ( 0.000000000000000000, 1.000000000000000000, -0.000000000000000000 ) ) ;
#535 = DIRECTION ( 'NONE',  ( -0.000000000000000000, -1.000000000000000000, -0.000000000000000000 ) ) ;
#536 = AXIS2_PLACEMENT_3D ( 'NONE', #1442, #1305, #423 ) ;
#537 = ORIENTED_EDGE ( 'NONE', *, *, #256, .F. ) ;
#538 = ORIENTED_EDGE ( 'NONE', *, *, #721, .F. ) ;
#539 = AXIS2_PLACEMENT_3D ( 'NONE', #603, #1330, #900 ) ;
#540 = ADVANCED_FACE ( 'NONE', ( #1110 ), #972, .F. ) ;
#541 = VECTOR ( 'NONE', #212, 1000.000000000000000 ) ;
#542 = CARTESIAN_POINT ( 'NONE',  ( 0.000000000000000000, 3.199999999999999734, 0.000000000000000000 ) ) ;
#543 = CARTESIAN_POINT ( 'NONE',  ( 0.000000000000000000, 1.399999999999999911, 0.000000000000000000 ) ) ;
#544 = PRESENTATION_LAYER_ASSIGNMENT (  '', '', ( #1588 ) ) ;
#545 = DIRECTION ( 'NONE',  ( 0.000000000000000000, 0.000000000000000000, -1.000000000000000000 ) ) ;
#546 = CARTESIAN_POINT ( 'NONE',  ( 0.000000000000000000, 1.800000000000000044, 0.000000000000000000 ) ) ;
#547 = DIRECTION ( 'NONE',  ( -1.000000000000000000, 0.000000000000000000, 0.000000000000000000 ) ) ;
#548 = ORIENTED_EDGE ( 'NONE', *, *, #235, .T. ) ;
#549 = EDGE_CURVE ( 'NONE', #336, #328, #1495, .T. ) ;
#550 = DIRECTION ( 'NONE',  ( 1.000000000000000000, 0.000000000000000000, -1.224646799147353207E-16 ) ) ;
#551 = FACE_OUTER_BOUND ( 'NONE', #214, .T. ) ;
#552 = EDGE_CURVE ( 'NONE', #677, #1905, #1367, .T. ) ;
#553 = FACE_OUTER_BOUND ( 'NONE', #561, .T. ) ;
#554 = DIRECTION ( 'NONE',  ( -0.000000000000000000, -1.000000000000000000, -0.000000000000000000 ) ) ;
#555 = DIRECTION ( 'NONE',  ( 0.000000000000000000, 0.000000000000000000, 1.000000000000000000 ) ) ;
#556 = EDGE_LOOP ( 'NONE', ( #1346, #64, #1234, #252 ) ) ;
#557 = ORIENTED_EDGE ( 'NONE', *, *, #1499, .F. ) ;
#558 = DIRECTION ( 'NONE',  ( -1.224646799147353207E-16, 0.000000000000000000, -1.000000000000000000 ) ) ;
#559 = LINE ( 'NONE', #1152, #1430 ) ;
#560 = DIRECTION ( 'NONE',  ( -1.275531967630005492E-16, 0.000000000000000000, 1.000000000000000000 ) ) ;
#561 = EDGE_LOOP ( 'NONE', ( #1791, #1904, #1072, #929 ) ) ;
#562 = EDGE_CURVE ( 'NONE', #970, #437, #1087, .T. ) ;
#563 = DIRECTION ( 'NONE',  ( 4.928191693115926948E-17, 1.000000000000000000, 0.000000000000000000 ) ) ;
#564 = CARTESIAN_POINT ( 'NONE',  ( 0.000000000000000000, 2.251471862576145178, 0.000000000000000000 ) ) ;
#565 = EDGE_LOOP ( 'NONE', ( #97, #1563, #1898, #343 ) ) ;
#566 = EDGE_LOOP ( 'NONE', ( #19, #752, #606, #1867, #374, #1323, #1140, #647 ) ) ;
#567 = VECTOR ( 'NONE', #715, 1000.000000000000000 ) ;
#568 = FACE_OUTER_BOUND ( 'NONE', #1170, .T. ) ;
#569 = VECTOR ( 'NONE', #659, 1000.000000000000000 ) ;
#570 =( NAMED_UNIT ( * ) SI_UNIT ( $, .STERADIAN. ) SOLID_ANGLE_UNIT ( ) );
#571 = DIRECTION ( 'NONE',  ( 4.928191693115926948E-17, 1.000000000000000000, 0.000000000000000000 ) ) ;
#572 = ORIENTED_EDGE ( 'NONE', *, *, #1782, .F. ) ;
#573 = ADVANCED_FACE ( 'NONE', ( #55 ), #351, .T. ) ;
#574 = MECHANICAL_DESIGN_GEOMETRIC_PRESENTATION_REPRESENTATION (  '', ( #1316 ), #837 ) ;
#575 = DIRECTION ( 'NONE',  ( 0.000000000000000000, 0.000000000000000000, -1.000000000000000000 ) ) ;
#576 = VECTOR ( 'NONE', #1872, 1000.000000000000000 ) ;
#577 = ADVANCED_FACE ( 'NONE', ( #123 ), #1890, .T. ) ;
#578 = FILL_AREA_STYLE ('',( #586 ) ) ;
#579 = ORIENTED_EDGE ( 'NONE', *, *, #1067, .T. ) ;
#580 = ORIENTED_EDGE ( 'NONE', *, *, #590, .T. ) ;
#581 = ORIENTED_EDGE ( 'NONE', *, *, #1458, .F. ) ;
#582 = DIRECTION ( 'NONE',  ( -0.000000000000000000, -1.000000000000000000, -0.000000000000000000 ) ) ;
#583 = PLANE ( 'NONE',  #1618 ) ;
#584 = CARTESIAN_POINT ( 'NONE',  ( -4.150000000000003020, 0.2999999999999999889, 0.7499999999999997780 ) ) ;
#585 = EDGE_LOOP ( 'NONE', ( #1565, #1582, #719, #1395 ) ) ;
#586 = FILL_AREA_STYLE_COLOUR ( '', #1379 ) ;
#587 = EDGE_CURVE ( 'NONE', #1136, #207, #1101, .T. ) ;
#588 = VERTEX_POINT ( 'NONE', #879 ) ;
#589 = ORIENTED_EDGE ( 'NONE', *, *, #1881, .T. ) ;
#590 = EDGE_CURVE ( 'NONE', #1446, #1057, #253, .T. ) ;
#591 = DIRECTION ( 'NONE',  ( 0.000000000000000000, 0.000000000000000000, 1.000000000000000000 ) ) ;
#592 = CARTESIAN_POINT ( 'NONE',  ( -3.399999999999999023, 1.800000000000000044, -3.400000000000002132 ) ) ;
#593 = CARTESIAN_POINT ( 'NONE',  ( 4.898587196589413815E-16, 1.399999999999999911, 4.000000000000000888 ) ) ;
#594 = DIRECTION ( 'NONE',  ( 0.000000000000000000, 0.000000000000000000, -1.000000000000000000 ) ) ;
#595 = ORIENTED_EDGE ( 'NONE', *, *, #1852, .F. ) ;
#596 = VERTEX_POINT ( 'NONE', #1447 ) ;
#597 = EDGE_CURVE ( 'NONE', #131, #1279, #264, .T. ) ;
#598 = ORIENTED_EDGE ( 'NONE', *, *, #1639, .T. ) ;
#599 = CARTESIAN_POINT ( 'NONE',  ( -2.075000000000000178, 0.2999999999999999889, 2.261844599450199717E-19 ) ) ;
#600 = AXIS2_PLACEMENT_3D ( 'NONE', #181, #431, #1328 ) ;
#601 = VECTOR ( 'NONE', #782, 1000.000000000000000 ) ;
#602 = CARTESIAN_POINT ( 'NONE',  ( 0.000000000000000000, 2.463603896932110349, 0.000000000000000000 ) ) ;
#603 = CARTESIAN_POINT ( 'NONE',  ( 0.000000000000000000, 3.636396103067889296, 0.000000000000000000 ) ) ;
#604 = AXIS2_PLACEMENT_3D ( 'NONE', #955, #1532, #353 ) ;
#605 = LINE ( 'NONE', #34, #640 ) ;
#606 = ORIENTED_EDGE ( 'NONE', *, *, #1682, .T. ) ;
#607 = CARTESIAN_POINT ( 'NONE',  ( 0.000000000000000000, 2.251471862576145178, 0.000000000000000000 ) ) ;
#608 = COLOUR_RGB ( '',0.7921568627450980005, 0.8196078431372548767, 0.9333333333333333481 ) ;
#609 = VERTEX_POINT ( 'NONE', #1877 ) ;
#610 = VERTEX_POINT ( 'NONE', #1134 ) ;
#611 = CIRCLE ( 'NONE', #1353, 4.000000000000001776 ) ;
#612 = DIRECTION ( 'NONE',  ( 8.659560562354984627E-17, 0.7071067811865434649, -0.7071067811865516806 ) ) ;
#613 = DIRECTION ( 'NONE',  ( -0.000000000000000000, -1.000000000000000000, -0.000000000000000000 ) ) ;
#614 = DIRECTION ( 'NONE',  ( 0.000000000000000000, 0.000000000000000000, 1.000000000000000000 ) ) ;
#615 = EDGE_CURVE ( 'NONE', #1875, #911, #378, .T. ) ;
#616 = ORIENTED_EDGE ( 'NONE', *, *, #1423, .T. ) ;
#617 = FACE_OUTER_BOUND ( 'NONE', #585, .T. ) ;
#618 = ORIENTED_EDGE ( 'NONE', *, *, #1177, .F. ) ;
#619 = CARTESIAN_POINT ( 'NONE',  ( -4.150000000000002132, 0.1999999999999999833, 2.649999999999997691 ) ) ;
#620 = SURFACE_SIDE_STYLE ('',( #1058 ) ) ;
#621 = ORIENTED_EDGE ( 'NONE', *, *, #114, .F. ) ;
#622 = ORIENTED_EDGE ( 'NONE', *, *, #1334, .F. ) ;
#623 = DIRECTION ( 'NONE',  ( 0.000000000000000000, 0.000000000000000000, -1.000000000000000000 ) ) ;
#624 = SURFACE_STYLE_USAGE ( .BOTH. , #1061 ) ;
#625 = CARTESIAN_POINT ( 'NONE',  ( 2.400000000000000799, 9.600316266521415898, -3.107888670027296740 ) ) ;
#626 = CARTESIAN_POINT ( 'NONE',  ( -2.650000000000001688, 1.800000000000000044, 4.149999999999998579 ) ) ;
#627 = VERTEX_POINT ( 'NONE', #722 ) ;
#628 = ADVANCED_FACE ( 'NONE', ( #1581 ), #699, .F. ) ;
#629 = LINE ( 'NONE', #1066, #1500 ) ;
#630 = ORIENTED_EDGE ( 'NONE', *, *, #387, .T. ) ;
#631 = ORIENTED_EDGE ( 'NONE', *, *, #91, .F. ) ;
#632 = CARTESIAN_POINT ( 'NONE',  ( 4.212971753347078429E-32, 9.399999999999998579, 0.000000000000000000 ) ) ;
#633 = DIRECTION ( 'NONE',  ( 0.000000000000000000, 0.000000000000000000, 1.000000000000000000 ) ) ;
#634 = ORIENTED_EDGE ( 'NONE', *, *, #818, .T. ) ;
#635 = PLANE ( 'NONE',  #10 ) ;
#636 = FILL_AREA_STYLE_COLOUR ( '', #608 ) ;
#637 = FILL_AREA_STYLE_COLOUR ( '', #1860 ) ;
#638 = STYLED_ITEM ( 'NONE', ( #454 ), #886 ) ;
#639 = PLANE ( 'NONE',  #1712 ) ;
#640 = VECTOR ( 'NONE', #1635, 1000.000000000000000 ) ;
#641 = VECTOR ( 'NONE', #1286, 999.9999999999998863 ) ;
#642 = ADVANCED_FACE ( 'NONE', ( #1700 ), #733, .T. ) ;
#643 = VECTOR ( 'NONE', #1534, 1000.000000000000000 ) ;
#644 = CARTESIAN_POINT ( 'NONE',  ( 0.000000000000000000, 9.399999999999998579, 0.000000000000000000 ) ) ;
#645 = ADVANCED_FACE ( 'NONE', ( #531 ), #1553, .T. ) ;
#646 = VECTOR ( 'NONE', #1104, 1000.000000000000000 ) ;
#647 = ORIENTED_EDGE ( 'NONE', *, *, #1881, .F. ) ;
#648 = DIRECTION ( 'NONE',  ( 0.000000000000000000, 0.000000000000000000, -1.000000000000000000 ) ) ;
#649 = PLANE ( 'NONE',  #927 ) ;
#650 = B_SPLINE_CURVE_WITH_KNOTS ( 'NONE', 3,
 ( #1272, #716, #1124, #1153, #1574, #390 ),
 .UNSPECIFIED., .F., .F.,
 ( 4, 2, 4 ),
 ( 0.000000000000000000, 0.0002689031298035931368, 0.0005378062596071862735 ),
 .UNSPECIFIED. ) ;
#651 = FACE_OUTER_BOUND ( 'NONE', #919, .T. ) ;
#652 = CARTESIAN_POINT ( 'NONE',  ( 0.000000000000000000, 9.399999999999998579, 0.000000000000000000 ) ) ;
#653 = VERTEX_POINT ( 'NONE', #396 ) ;
#654 = ORIENTED_EDGE ( 'NONE', *, *, #1756, .F. ) ;
#655 = EDGE_CURVE ( 'NONE', #1160, #332, #1708, .T. ) ;
#656 = PRESENTATION_STYLE_ASSIGNMENT (( #624 ) ) ;
#657 = SURFACE_SIDE_STYLE ('',( #62 ) ) ;
#658 = CARTESIAN_POINT ( 'NONE',  ( 0.000000000000000000, 1.399999999999999911, 0.000000000000000000 ) ) ;
#659 = DIRECTION ( 'NONE',  ( 1.000000000000000000, -0.000000000000000000, 0.000000000000000000 ) ) ;
#660 = EDGE_CURVE ( 'NONE', #1621, #179, #115, .T. ) ;
#661 = CARTESIAN_POINT ( 'NONE',  ( 0.000000000000000000, 2.687867965644034740, 0.000000000000000000 ) ) ;
#662 = LINE ( 'NONE', #940, #1282 ) ;
#663 = VECTOR ( 'NONE', #754, 1000.000000000000000 ) ;
#664 = CARTESIAN_POINT ( 'NONE',  ( 4.150000000000003908, 0.2999999999999999889, 0.7499999999999997780 ) ) ;
#665 = AXIS2_PLACEMENT_3D ( 'NONE', #1304, #682, #1410 ) ;
#666 = EDGE_LOOP ( 'NONE', ( #110, #579, #1026, #1397 ) ) ;
#667 = CARTESIAN_POINT ( 'NONE',  ( -4.150000000000003020, 0.2999999999999999889, 0.7499999999999997780 ) ) ;
#668 = VECTOR ( 'NONE', #1205, 1000.000000000000000 ) ;
#669 = ORIENTED_EDGE ( 'NONE', *, *, #518, .T. ) ;
#670 = AXIS2_PLACEMENT_3D ( 'NONE', #203, #1055, #806 ) ;
#671 = VECTOR ( 'NONE', #1779, 1000.000000000000000 ) ;
#672 =( NAMED_UNIT ( * ) SI_UNIT ( $, .STERADIAN. ) SOLID_ANGLE_UNIT ( ) );
#673 = DIRECTION ( 'NONE',  ( -0.000000000000000000, -1.000000000000000000, -0.000000000000000000 ) ) ;
#674 = VERTEX_POINT ( 'NONE', #1428 ) ;
#675 = CIRCLE ( 'NONE', #1108, 3.912132034355964016 ) ;
#676 = DIRECTION ( 'NONE',  ( 0.000000000000000000, 0.000000000000000000, 1.000000000000000000 ) ) ;
#677 = VERTEX_POINT ( 'NONE', #850 ) ;
#678 = CARTESIAN_POINT ( 'NONE',  ( 0.000000000000000000, 3.848528137423854467, -3.700000000000001066 ) ) ;
#679 = PRODUCT ( 'A765KN227M1CLAE016', 'A765KN227M1CLAE016', '', ( #1211 ) ) ;
#680 = ORIENTED_EDGE ( 'NONE', *, *, #1391, .F. ) ;
#681 = CARTESIAN_POINT ( 'NONE',  ( 4.149999999999999467, 1.800000000000000044, 4.150000000000000355 ) ) ;
#682 = DIRECTION ( 'NONE',  ( -1.000000000000000000, 0.000000000000000000, 0.000000000000000000 ) ) ;
#683 = PLANE ( 'NONE',  #1399 ) ;
#684 = CARTESIAN_POINT ( 'NONE',  ( 2.400000000000001243, 9.490054774606093702, 3.186702367169051975 ) ) ;
#685 = CARTESIAN_POINT ( 'NONE',  ( 4.150000000000003908, 0.2999999999999999889, 0.7499999999999997780 ) ) ;
#686 = EDGE_CURVE ( 'NONE', #627, #1591, #1868, .T. ) ;
#687 = ORIENTED_EDGE ( 'NONE', *, *, #1277, .T. ) ;
#688 = CARTESIAN_POINT ( 'NONE',  ( 2.400000000000000799, 9.399999999999998579, -3.199999999999999734 ) ) ;
#689 = ORIENTED_EDGE ( 'NONE', *, *, #742, .T. ) ;
#690 = DIRECTION ( 'NONE',  ( 0.000000000000000000, 0.000000000000000000, -1.000000000000000000 ) ) ;
#691 = ORIENTED_EDGE ( 'NONE', *, *, #1589, .F. ) ;
#692 = CARTESIAN_POINT ( 'NONE',  ( 0.000000000000000000, 3.199999999999999734, -3.900000000000000799 ) ) ;
#693 = DIRECTION ( 'NONE',  ( 0.7071067811865479058, 0.000000000000000000, -0.7071067811865472397 ) ) ;
#694 = PRESENTATION_LAYER_ASSIGNMENT (  '', '', ( #638 ) ) ;
#695 = VERTEX_POINT ( 'NONE', #994 ) ;
#696 = AXIS2_PLACEMENT_3D ( 'NONE', #543, #1632, #623 ) ;
#697 = LINE ( 'NONE', #1550, #641 ) ;
#698 = ADVANCED_FACE ( 'NONE', ( #713 ), #1298, .F. ) ;
#699 = TOROIDAL_SURFACE ( 'NONE', #925, 3.900000000000000799, 0.2999999999999997113 ) ;
#700 = ORIENTED_EDGE ( 'NONE', *, *, #1100, .T. ) ;
#701 = ORIENTED_EDGE ( 'NONE', *, *, #487, .F. ) ;
#702 = AXIS2_PLACEMENT_3D ( 'NONE', #644, #49, #785 ) ;
#703 = EDGE_CURVE ( 'NONE', #1844, #39, #1226, .T. ) ;
#704 = AXIS2_PLACEMENT_3D ( 'NONE', #1506, #483, #1490 ) ;
#705 = DIRECTION ( 'NONE',  ( 0.000000000000000000, -1.000000000000000000, -0.000000000000000000 ) ) ;
#706 = ORIENTED_EDGE ( 'NONE', *, *, #506, .T. ) ;
#707 = CARTESIAN_POINT ( 'NONE',  ( 2.400000000000000799, 9.600120351351764114, 3.108179743094787728 ) ) ;
#708 = CIRCLE ( 'NONE', #1746, 3.687867965644037849 ) ;
#709 = LINE ( 'NONE', #1294, #576 ) ;
#710 = ORIENTED_EDGE ( 'NONE', *, *, #1800, .F. ) ;
#711 = DIRECTION ( 'NONE',  ( 1.000000000000000000, 0.000000000000000000, 5.225070710773508825E-17 ) ) ;
#712 = EDGE_LOOP ( 'NONE', ( #1212, #1774, #878, #880 ) ) ;
#713 = FACE_OUTER_BOUND ( 'NONE', #1717, .T. ) ;
#714 = ADVANCED_FACE ( 'NONE', ( #1731 ), #1014, .F. ) ;
#715 = DIRECTION ( 'NONE',  ( 0.000000000000000000, 0.000000000000000000, 1.000000000000000000 ) ) ;
#716 = CARTESIAN_POINT ( 'NONE',  ( 2.400000000000000355, 9.491073030343356365, 3.199999999999999734 ) ) ;
#717 = CARTESIAN_POINT ( 'NONE',  ( 0.000000000000000000, 3.636396103067889296, 0.000000000000000000 ) ) ;
#718 = CARTESIAN_POINT ( 'NONE',  ( -2.074999999999999734, 0.2999999999999999889, -0.4749999999999999778 ) ) ;
#719 = ORIENTED_EDGE ( 'NONE', *, *, #1663, .T. ) ;
#720 = EDGE_LOOP ( 'NONE', ( #175, #913, #1886, #887 ) ) ;
#721 = EDGE_CURVE ( 'NONE', #1186, #1690, #605, .T. ) ;
#722 = CARTESIAN_POINT ( 'NONE',  ( 4.149999999999998579, 1.399999999999999911, -1.739971264130534490 ) ) ;
#723 = EDGE_LOOP ( 'NONE', ( #375, #301, #1038, #883 ) ) ;
#724 = EDGE_CURVE ( 'NONE', #1455, #1417, #1352, .T. ) ;
#725 = PLANE ( 'NONE',  #1184 ) ;
#726 = LINE ( 'NONE', #1165, #671 ) ;
#727 = EDGE_CURVE ( 'NONE', #1231, #332, #1251, .T. ) ;
#728 = ORIENTED_EDGE ( 'NONE', *, *, #1054, .F. ) ;
#729 = CARTESIAN_POINT ( 'NONE',  ( -2.075000000000000178, 0.2999999999999999889, 2.261844599450199717E-19 ) ) ;
#730 = ORIENTED_EDGE ( 'NONE', *, *, #1566, .F. ) ;
#731 = VECTOR ( 'NONE', #1032, 1000.000000000000000 ) ;
#732 = VERTEX_POINT ( 'NONE', #626 ) ;
#733 = TOROIDAL_SURFACE ( 'NONE', #981, 3.700000000000000178, 0.2999999999999999334 ) ;
#734 = CARTESIAN_POINT ( 'NONE',  ( 4.149999999999998579, 1.800000000000000044, -4.150000000000000355 ) ) ;
#735 = AXIS2_PLACEMENT_3D ( 'NONE', #1650, #1119, #1703 ) ;
#736 = LINE ( 'NONE', #1473, #1858 ) ;
#737 = VERTEX_POINT ( 'NONE', #1781 ) ;
#738 = CIRCLE ( 'NONE', #79, 4.500000000000000888 ) ;
#739 = DIRECTION ( 'NONE',  ( -0.000000000000000000, -0.000000000000000000, 1.000000000000000000 ) ) ;
#740 = CIRCLE ( 'NONE', #1811, 3.700000000000000178 ) ;
#741 = VERTEX_POINT ( 'NONE', #194 ) ;
#742 = EDGE_CURVE ( 'NONE', #328, #1130, #1892, .T. ) ;
#743 = FACE_OUTER_BOUND ( 'NONE', #893, .T. ) ;
#744 = ORIENTED_EDGE ( 'NONE', *, *, #764, .T. ) ;
#745 = LINE ( 'NONE', #1335, #731 ) ;
#746 = CARTESIAN_POINT ( 'NONE',  ( 2.074999999999999734, 0.2999999999999999889, 0.4749999999999999778 ) ) ;
#747 = CARTESIAN_POINT ( 'NONE',  ( -4.150000000000003020, 0.2999999999999999889, 0.7499999999999997780 ) ) ;
#748 = FACE_OUTER_BOUND ( 'NONE', #1785, .T. ) ;
#749 = LINE ( 'NONE', #1454, #389 ) ;
#750 = ADVANCED_FACE ( 'NONE', ( #1077 ), #639, .F. ) ;
#751 = VERTEX_POINT ( 'NONE', #1821 ) ;
#752 = ORIENTED_EDGE ( 'NONE', *, *, #1423, .F. ) ;
#753 = VERTEX_POINT ( 'NONE', #1789 ) ;
#754 = DIRECTION ( 'NONE',  ( 0.000000000000000000, 0.000000000000000000, -1.000000000000000000 ) ) ;
#755 = CARTESIAN_POINT ( 'NONE',  ( 0.000000000000000000, 3.412132034355965349, 0.000000000000000000 ) ) ;
#756 = CARTESIAN_POINT ( 'NONE',  ( 4.150000000000003908, 0.1999999999999999833, -0.7500000000000002220 ) ) ;
#757 = DIRECTION ( 'NONE',  ( -0.000000000000000000, -1.000000000000000000, -0.000000000000000000 ) ) ;
#758 = CARTESIAN_POINT ( 'NONE',  ( 0.000000000000000000, 3.199999999999999734, 0.000000000000000000 ) ) ;
#759 = ORIENTED_EDGE ( 'NONE', *, *, #997, .F. ) ;
#760 = EDGE_CURVE ( 'NONE', #328, #596, #1488, .T. ) ;
#761 = ORIENTED_EDGE ( 'NONE', *, *, #1484, .F. ) ;
#762 = DIRECTION ( 'NONE',  ( 1.000000000000000000, 0.000000000000000000, 0.000000000000000000 ) ) ;
#763 = VECTOR ( 'NONE', #1567, 1000.000000000000000 ) ;
#764 = EDGE_CURVE ( 'NONE', #903, #1875, #1504, .T. ) ;
#765 = MECHANICAL_DESIGN_GEOMETRIC_PRESENTATION_REPRESENTATION (  '', ( #1312 ), #411 ) ;
#766 =( NAMED_UNIT ( * ) PLANE_ANGLE_UNIT ( ) SI_UNIT ( $, .RADIAN. ) );
#767 = CARTESIAN_POINT ( 'NONE',  ( 2.400000000000000799, 9.567411738259940179, -3.140573112983293225 ) ) ;
#768 = DIRECTION ( 'NONE',  ( 0.000000000000000000, 1.000000000000000000, -0.000000000000000000 ) ) ;
#769 = MECHANICAL_DESIGN_GEOMETRIC_PRESENTATION_REPRESENTATION (  '', ( #1588 ), #1533 ) ;
#770 = EDGE_LOOP ( 'NONE', ( #516, #598, #1630, #402 ) ) ;
#771 = FACE_OUTER_BOUND ( 'NONE', #999, .T. ) ;
#772 = AXIS2_PLACEMENT_3D ( 'NONE', #241, #966, #693 ) ;
#773 = UNCERTAINTY_MEASURE_WITH_UNIT (LENGTH_MEASURE( 1.000000000000000082E-05 ), #199, 'distance_accuracy_value', 'NONE');
#774 = ORIENTED_EDGE ( 'NONE', *, *, #1756, .T. ) ;
#775 = ORIENTED_EDGE ( 'NONE', *, *, #1519, .T. ) ;
#776 = MECHANICAL_DESIGN_GEOMETRIC_PRESENTATION_REPRESENTATION (  '', ( #1684 ), #417 ) ;
#777 = DIRECTION ( 'NONE',  ( 0.000000000000000000, 0.000000000000000000, -1.000000000000000000 ) ) ;
#778 = ORIENTED_EDGE ( 'NONE', *, *, #1511, .T. ) ;
#779 = DIRECTION ( 'NONE',  ( 0.000000000000000000, -1.000000000000000000, 0.000000000000000000 ) ) ;
#780 = CARTESIAN_POINT ( 'NONE',  ( 2.075000000000000178, 0.2999999999999999889, 2.261844599450199717E-19 ) ) ;
#781 = ADVANCED_FACE ( 'NONE', ( #1230 ), #1076, .F. ) ;
#782 = DIRECTION ( 'NONE',  ( -0.000000000000000000, -1.000000000000000000, -0.000000000000000000 ) ) ;
#783 = DIRECTION ( 'NONE',  ( 0.000000000000000000, 1.000000000000000000, -0.000000000000000000 ) ) ;
#784 = DIRECTION ( 'NONE',  ( 0.000000000000000000, 1.000000000000000000, -0.000000000000000000 ) ) ;
#785 = DIRECTION ( 'NONE',  ( 0.000000000000000000, 0.000000000000000000, -1.000000000000000000 ) ) ;
#786 = EDGE_LOOP ( 'NONE', ( #991, #1845, #1798, #471 ) ) ;
#787 = ORIENTED_EDGE ( 'NONE', *, *, #703, .T. ) ;
#788 = DIRECTION ( 'NONE',  ( 8.659560562354957510E-17, -0.7071067811865454633, 0.7071067811865495711 ) ) ;
#789 = CARTESIAN_POINT ( 'NONE',  ( 0.000000000000000000, 9.699999999999999289, 0.000000000000000000 ) ) ;
#790 = DIRECTION ( 'NONE',  ( -1.000000000000000000, 0.000000000000000000, 0.000000000000000000 ) ) ;
#791 = EDGE_CURVE ( 'NONE', #1841, #1257, #1832, .T. ) ;
#792 = DIRECTION ( 'NONE',  ( -0.000000000000000000, -1.000000000000000000, -0.000000000000000000 ) ) ;
#793 = ADVANCED_FACE ( 'NONE', ( #169 ), #649, .T. ) ;
#794 = CARTESIAN_POINT ( 'NONE',  ( 4.499999999999999112, 0.000000000000000000, -0.000000000000000000 ) ) ;
#795 = ORIENTED_EDGE ( 'NONE', *, *, #686, .T. ) ;
#796 = CARTESIAN_POINT ( 'NONE',  ( 2.075000000000000178, 0.2999999999999999889, 2.261844599450199717E-19 ) ) ;
#797 = FILL_AREA_STYLE_COLOUR ( '', #1463 ) ;
#798 = EDGE_LOOP ( 'NONE', ( #1176, #309, #630, #67 ) ) ;
#799 = MECHANICAL_DESIGN_GEOMETRIC_PRESENTATION_REPRESENTATION (  '', ( #638 ), #1853 ) ;
#800 = DIRECTION ( 'NONE',  ( 0.000000000000000000, 0.000000000000000000, -1.000000000000000000 ) ) ;
#801 = DIRECTION ( 'NONE',  ( -0.000000000000000000, -1.000000000000000000, -0.000000000000000000 ) ) ;
#802 = AXIS2_PLACEMENT_3D ( 'NONE', #1498, #1189, #1050 ) ;
#803 = DIRECTION ( 'NONE',  ( 0.000000000000000000, 1.000000000000000000, 0.000000000000000000 ) ) ;
#804 = VECTOR ( 'NONE', #861, 1000.000000000000000 ) ;
#805 = CIRCLE ( 'NONE', #1187, 0.2999999999999999334 ) ;
#806 = DIRECTION ( 'NONE',  ( -1.000000000000000000, 0.000000000000000000, -0.000000000000000000 ) ) ;
#807 = CIRCLE ( 'NONE', #1679, 4.500000000000000000 ) ;
#808 = ADVANCED_FACE ( 'NONE', ( #950 ), #1063, .F. ) ;
#809 = ORIENTED_EDGE ( 'NONE', *, *, #615, .F. ) ;
#810 = AXIS2_PLACEMENT_3D ( 'NONE', #758, #407, #1009 ) ;
#811 = DIRECTION ( 'NONE',  ( 0.000000000000000000, 0.000000000000000000, -1.000000000000000000 ) ) ;
#812 = PRESENTATION_LAYER_ASSIGNMENT (  '', '', ( #1233 ) ) ;
#813 = ORIENTED_EDGE ( 'NONE', *, *, #997, .T. ) ;
#814 = CARTESIAN_POINT ( 'NONE',  ( 0.000000000000000000, 2.463603896932110349, 0.000000000000000000 ) ) ;
#815 = CARTESIAN_POINT ( 'NONE',  ( 0.000000000000000000, 1.800000000000000044, 0.000000000000000000 ) ) ;
#816 = CARTESIAN_POINT ( 'NONE',  ( 2.075000000000000178, 0.2999999999999999889, 0.7500000000000001110 ) ) ;
#817 = LINE ( 'NONE', #1669, #901 ) ;
#818 = EDGE_CURVE ( 'NONE', #481, #610, #57, .T. ) ;
#819 = ORIENTED_EDGE ( 'NONE', *, *, #587, .T. ) ;
#820 = DIRECTION ( 'NONE',  ( 4.928191693115926948E-17, 1.000000000000000000, 0.000000000000000000 ) ) ;
#821 = EDGE_CURVE ( 'NONE', #1814, #1231, #160, .T. ) ;
#822 = ORIENTED_EDGE ( 'NONE', *, *, #506, .F. ) ;
#823 = ORIENTED_EDGE ( 'NONE', *, *, #258, .T. ) ;
#824 = CARTESIAN_POINT ( 'NONE',  ( -2.075000000000000178, 0.2999999999999999889, -0.7500000000000001110 ) ) ;
#825 = DIRECTION ( 'NONE',  ( 0.000000000000000000, 0.000000000000000000, -1.000000000000000000 ) ) ;
#826 =( NAMED_UNIT ( * ) SI_UNIT ( $, .STERADIAN. ) SOLID_ANGLE_UNIT ( ) );
#827 = ADVANCED_FACE ( 'NONE', ( #1194 ), #306, .T. ) ;
#828 = LINE ( 'NONE', #377, #479 ) ;
#829 = SURFACE_STYLE_USAGE ( .BOTH. , #657 ) ;
#830 = VERTEX_POINT ( 'NONE', #1812 ) ;
#831 = AXIS2_PLACEMENT_3D ( 'NONE', #923, #1213, #1793 ) ;
#832 = CARTESIAN_POINT ( 'NONE',  ( -4.150000000000002132, 0.1999999999999999833, -2.650000000000000799 ) ) ;
#833 = AXIS2_PLACEMENT_3D ( 'NONE', #1062, #1643, #184 ) ;
#834 = DIRECTION ( 'NONE',  ( 0.000000000000000000, 0.000000000000000000, 1.000000000000000000 ) ) ;
#835 = TOROIDAL_SURFACE ( 'NONE', #233, 3.700000000000000178, 0.2999999999999999889 ) ;
#836 = ORIENTED_EDGE ( 'NONE', *, *, #1100, .F. ) ;
#837 =( GEOMETRIC_REPRESENTATION_CONTEXT ( 3 ) GLOBAL_UNCERTAINTY_ASSIGNED_CONTEXT ( ( #450 ) ) GLOBAL_UNIT_ASSIGNED_CONTEXT ( ( #1752, #1036, #428 ) ) REPRESENTATION_CONTEXT ( 'NONE', 'WORKASPACE' ) );
#838 = VECTOR ( 'NONE', #1126, 1000.000000000000000 ) ;
#839 = LINE ( 'NONE', #1115, #1838 ) ;
#840 = DIRECTION ( 'NONE',  ( -0.000000000000000000, 1.000000000000000000, -0.000000000000000000 ) ) ;
#841 = EDGE_LOOP ( 'NONE', ( #38, #778, #303, #1736 ) ) ;
#842 = EDGE_CURVE ( 'NONE', #1773, #207, #1497, .T. ) ;
#843 = CARTESIAN_POINT ( 'NONE',  ( 2.400000000000000799, 9.677026560648295472, 2.996650026257714927 ) ) ;
#844 = CYLINDRICAL_SURFACE ( 'NONE', #514, 3.600000000000000977 ) ;
#845 = B_SPLINE_CURVE_WITH_KNOTS ( 'NONE', 3,
 ( #1722, #1584, #684, #267, #707, #843, #95, #873 ),
 .UNSPECIFIED., .F., .F.,
 ( 4, 2, 2, 4 ),
 ( 0.001178973081850356614, 0.001313568265089489623, 0.001448163448328622632, 0.001717353814806888866 ),
 .UNSPECIFIED. ) ;
#846 =( NAMED_UNIT ( * ) PLANE_ANGLE_UNIT ( ) SI_UNIT ( $, .RADIAN. ) );
#847 = EDGE_LOOP ( 'NONE', ( #1031, #379 ) ) ;
#848 = VERTEX_POINT ( 'NONE', #9 ) ;
#849 = DIRECTION ( 'NONE',  ( 0.000000000000000000, 0.000000000000000000, 1.000000000000000000 ) ) ;
#850 = CARTESIAN_POINT ( 'NONE',  ( 2.399999999999999911, 9.699999999999999289, -2.816025568065744444 ) ) ;
#851 = CARTESIAN_POINT ( 'NONE',  ( 0.000000000000000000, 0.2999999999999999889, 0.4749999999999999778 ) ) ;
#852 = DIRECTION ( 'NONE',  ( -1.000000000000000000, 0.000000000000000000, 5.225070710773506976E-17 ) ) ;
#853 = EDGE_CURVE ( 'NONE', #1814, #1160, #1377, .T. ) ;
#854 = CARTESIAN_POINT ( 'NONE',  ( -1.058691533132904260E-15, 1.800000000000000044, 4.149999999999999467 ) ) ;
#855 = EDGE_CURVE ( 'NONE', #451, #1873, #1674, .T. ) ;
#856 = LINE ( 'NONE', #1434, #13 ) ;
#857 = ORIENTED_EDGE ( 'NONE', *, *, #1263, .T. ) ;
#858 = ORIENTED_EDGE ( 'NONE', *, *, #230, .T. ) ;
#859 = DIRECTION ( 'NONE',  ( -0.000000000000000000, -1.000000000000000000, -0.000000000000000000 ) ) ;
#860 = ORIENTED_EDGE ( 'NONE', *, *, #881, .T. ) ;
#861 = DIRECTION ( 'NONE',  ( 0.000000000000000000, 0.000000000000000000, -1.000000000000000000 ) ) ;
#862 = CARTESIAN_POINT ( 'NONE',  ( 2.400000000000000799, 9.699999999999999289, 2.816025568065742668 ) ) ;
#863 = VECTOR ( 'NONE', #788, 1000.000000000000000 ) ;
#864 = AXIS2_PLACEMENT_3D ( 'NONE', #1673, #790, #1228 ) ;
#865 = EDGE_CURVE ( 'NONE', #332, #153, #1364, .T. ) ;
#866 = ORIENTED_EDGE ( 'NONE', *, *, #1064, .F. ) ;
#867 = ORIENTED_EDGE ( 'NONE', *, *, #958, .T. ) ;
#868 = CIRCLE ( 'NONE', #735, 0.7500000000000001110 ) ;
#869 = AXIS2_PLACEMENT_3D ( 'NONE', #607, #951, #1522 ) ;
#870 = DIRECTION ( 'NONE',  ( 0.000000000000000000, 0.000000000000000000, 1.000000000000000000 ) ) ;
#871 = ORIENTED_EDGE ( 'NONE', *, *, #865, .F. ) ;
#872 = CIRCLE ( 'NONE', #931, 3.912132034355964016 ) ;
#873 = CARTESIAN_POINT ( 'NONE',  ( 2.399999999999999911, 9.699999999999999289, 2.816025568065744444 ) ) ;
#874 = AXIS2_PLACEMENT_3D ( 'NONE', #500, #1794, #1242 ) ;
#875 = CARTESIAN_POINT ( 'NONE',  ( 5.293457665664524259E-16, 1.800000000000000044, -4.150000000000001243 ) ) ;
#876 = ORIENTED_EDGE ( 'NONE', *, *, #1737, .T. ) ;
#877 = ORIENTED_EDGE ( 'NONE', *, *, #1566, .T. ) ;
#878 = ORIENTED_EDGE ( 'NONE', *, *, #853, .F. ) ;
#879 = CARTESIAN_POINT ( 'NONE',  ( -4.499999999999999112, 0.000000000000000000, -0.4749999999999999778 ) ) ;
#880 = ORIENTED_EDGE ( 'NONE', *, *, #821, .T. ) ;
#881 = EDGE_CURVE ( 'NONE', #1408, #1537, #1641, .T. ) ;
#882 = DIRECTION ( 'NONE',  ( -1.000000000000000000, 0.000000000000000000, 0.000000000000000000 ) ) ;
#883 = ORIENTED_EDGE ( 'NONE', *, *, #1797, .T. ) ;
#884 = DIRECTION ( 'NONE',  ( -1.224646799147353207E-16, 0.000000000000000000, -1.000000000000000000 ) ) ;
#885 = DIRECTION ( 'NONE',  ( -0.000000000000000000, -1.000000000000000000, -0.000000000000000000 ) ) ;
#886 = ADVANCED_BREP_SHAPE_REPRESENTATION ( 'A765KN227M1CLAE016', ( #499, #1149, #1749, #1121, #1733, #228 ), #1552 ) ;
#887 = ORIENTED_EDGE ( 'NONE', *, *, #487, .T. ) ;
#888 = EDGE_LOOP ( 'NONE', ( #1002, #858, #350, #822 ) ) ;
#889 = PLANE ( 'NONE',  #802 ) ;
#890 = CARTESIAN_POINT ( 'NONE',  ( -2.074999999999999734, 0.000000000000000000, -0.4749999999999999778 ) ) ;
#891 = EDGE_CURVE ( 'NONE', #430, #1851, #1670, .T. ) ;
#892 = CARTESIAN_POINT ( 'NONE',  ( 2.400000000000000799, 9.399999999999998579, -3.199999999999999734 ) ) ;
#893 = EDGE_LOOP ( 'NONE', ( #761, #1645, #84, #1704 ) ) ;
#894 = ORIENTED_EDGE ( 'NONE', *, *, #1499, .T. ) ;
#895 = ORIENTED_EDGE ( 'NONE', *, *, #501, .T. ) ;
#896 = CIRCLE ( 'NONE', #696, 4.000000000000001776 ) ;
#897 = TOROIDAL_SURFACE ( 'NONE', #172, 3.700000000000001066, 0.3000000000000001554 ) ;
#898 = FACE_OUTER_BOUND ( 'NONE', #154, .T. ) ;
#899 = CARTESIAN_POINT ( 'NONE',  ( 0.000000000000000000, 0.2999999999999999889, 0.000000000000000000 ) ) ;
#900 = DIRECTION ( 'NONE',  ( 0.000000000000000000, 0.000000000000000000, 1.000000000000000000 ) ) ;
#901 = VECTOR ( 'NONE', #348, 1000.000000000000000 ) ;
#902 = VECTOR ( 'NONE', #226, 1000.000000000000000 ) ;
#903 = VERTEX_POINT ( 'NONE', #349 ) ;
#904 = CARTESIAN_POINT ( 'NONE',  ( -4.150000000000003020, 0.2999999999999999889, 0.7499999999999997780 ) ) ;
#905 = CARTESIAN_POINT ( 'NONE',  ( 0.000000000000000000, 1.399999999999999911, -3.600000000000000977 ) ) ;
#906 = CARTESIAN_POINT ( 'NONE',  ( 0.000000000000000000, 1.800000000000000044, 0.000000000000000000 ) ) ;
#907 = CARTESIAN_POINT ( 'NONE',  ( 0.000000000000000000, 2.899999999999999911, 0.000000000000000000 ) ) ;
#908 = DIRECTION ( 'NONE',  ( 0.000000000000000000, 0.000000000000000000, 1.000000000000000000 ) ) ;
#909 = UNCERTAINTY_MEASURE_WITH_UNIT (LENGTH_MEASURE( 1.000000000000000082E-05 ), #467, 'distance_accuracy_value', 'NONE');
#910 = ADVANCED_FACE ( 'NONE', ( #188 ), #206, .T. ) ;
#911 = VERTEX_POINT ( 'NONE', #205 ) ;
#912 =( NAMED_UNIT ( * ) PLANE_ANGLE_UNIT ( ) SI_UNIT ( $, .RADIAN. ) );
#913 = ORIENTED_EDGE ( 'NONE', *, *, #1682, .F. ) ;
#914 = CYLINDRICAL_SURFACE ( 'NONE', #1616, 0.4749999999999999778 ) ;
#915 = DIRECTION ( 'NONE',  ( -1.000000000000000000, 4.928191693115927565E-17, 0.000000000000000000 ) ) ;
#916 = DIRECTION ( 'NONE',  ( 0.000000000000000000, -1.000000000000000000, 0.000000000000000000 ) ) ;
#917 = VERTEX_POINT ( 'NONE', #496 ) ;
#918 = DIRECTION ( 'NONE',  ( -1.000000000000000000, 0.000000000000000000, 1.567521213232052031E-16 ) ) ;
#919 = EDGE_LOOP ( 'NONE', ( #1671, #1371, #706, #1496 ) ) ;
#920 = EDGE_LOOP ( 'NONE', ( #1549, #538, #618, #1220 ) ) ;
#921 = CARTESIAN_POINT ( 'NONE',  ( -4.150000000000003020, 0.1999999999999999833, 0.7499999999999997780 ) ) ;
#922 = ORIENTED_EDGE ( 'NONE', *, *, #967, .T. ) ;
#923 = CARTESIAN_POINT ( 'NONE',  ( 2.075000000000000178, 0.2999999999999999889, 2.261844599450199717E-19 ) ) ;
#924 = AXIS2_PLACEMENT_3D ( 'NONE', #851, #532, #1123 ) ;
#925 = AXIS2_PLACEMENT_3D ( 'NONE', #542, #1142, #977 ) ;
#926 = LINE ( 'NONE', #592, #1829 ) ;
#927 = AXIS2_PLACEMENT_3D ( 'NONE', #1481, #768, #614 ) ;
#928 = DIRECTION ( 'NONE',  ( 0.000000000000000000, 0.000000000000000000, -1.000000000000000000 ) ) ;
#929 = ORIENTED_EDGE ( 'NONE', *, *, #1204, .T. ) ;
#930 = DIRECTION ( 'NONE',  ( -0.000000000000000000, -1.000000000000000000, -0.000000000000000000 ) ) ;
#931 = AXIS2_PLACEMENT_3D ( 'NONE', #602, #1633, #1027 ) ;
#932 = ORIENTED_EDGE ( 'NONE', *, *, #371, .T. ) ;
#933 = ORIENTED_EDGE ( 'NONE', *, *, #881, .F. ) ;
#934 = VECTOR ( 'NONE', #1846, 1000.000000000000000 ) ;
#935 = DIRECTION ( 'NONE',  ( -1.000000000000000000, -0.000000000000000000, -1.567521213232052524E-16 ) ) ;
#936 = ORIENTED_EDGE ( 'NONE', *, *, #1439, .T. ) ;
#937 = ADVANCED_FACE ( 'NONE', ( #1082 ), #27, .T. ) ;
#938 = DIRECTION ( 'NONE',  ( -1.000000000000000000, 0.000000000000000000, -0.000000000000000000 ) ) ;
#939 = CARTESIAN_POINT ( 'NONE',  ( -4.150000000000003020, 0.2999999999999999889, -0.7500000000000002220 ) ) ;
#940 = CARTESIAN_POINT ( 'NONE',  ( 0.000000000000000000, 2.687867965644034740, -3.687867965644037849 ) ) ;
#941 = ADVANCED_FACE ( 'NONE', ( #1095 ), #65, .T. ) ;
#942 = CARTESIAN_POINT ( 'NONE',  ( -2.075000000000000178, 0.2999999999999999889, 2.261844599450199717E-19 ) ) ;
#943 = ORIENTED_EDGE ( 'NONE', *, *, #1753, .T. ) ;
#944 = DIRECTION ( 'NONE',  ( 0.000000000000000000, 0.000000000000000000, 1.000000000000000000 ) ) ;
#945 = APPLICATION_CONTEXT ( 'automotive_design' ) ;
#946 = DIRECTION ( 'NONE',  ( -0.000000000000000000, -1.000000000000000000, -0.000000000000000000 ) ) ;
#947 = PRODUCT_DEFINITION ( 'UNKNOWN', '', #1827, #1056 ) ;
#948 = DIRECTION ( 'NONE',  ( 0.000000000000000000, 0.000000000000000000, 1.000000000000000000 ) ) ;
#949 = CARTESIAN_POINT ( 'NONE',  ( -1.739971264130529605, 1.800000000000000044, 4.149999999999998579 ) ) ;
#950 = FACE_OUTER_BOUND ( 'NONE', #720, .T. ) ;
#951 = DIRECTION ( 'NONE',  ( -0.000000000000000000, -1.000000000000000000, -0.000000000000000000 ) ) ;
#952 = FACE_OUTER_BOUND ( 'NONE', #1724, .T. ) ;
#953 = LINE ( 'NONE', #1214, #1193 ) ;
#954 = CARTESIAN_POINT ( 'NONE',  ( 0.000000000000000000, 1.800000000000000044, 0.000000000000000000 ) ) ;
#955 = CARTESIAN_POINT ( 'NONE',  ( -2.075000000000000178, 0.2999999999999999889, 2.261844599450199717E-19 ) ) ;
#956 = VECTOR ( 'NONE', #840, 1000.000000000000000 ) ;
#957 = AXIS2_PLACEMENT_3D ( 'NONE', #504, #1524, #198 ) ;
#958 = EDGE_CURVE ( 'NONE', #287, #1556, #1222, .T. ) ;
#959 = CARTESIAN_POINT ( 'NONE',  ( 0.000000000000000000, 0.000000000000000000, 0.000000000000000000 ) ) ;
#960 = VECTOR ( 'NONE', #1514, 1000.000000000000000 ) ;
#961 = CARTESIAN_POINT ( 'NONE',  ( 1.739971264130529383, 1.399999999999999911, -4.150000000000001243 ) ) ;
#962 = CIRCLE ( 'NONE', #182, 0.7500000000000001110 ) ;
#963 = ORIENTED_EDGE ( 'NONE', *, *, #387, .F. ) ;
#964 = CARTESIAN_POINT ( 'NONE',  ( 1.739971264130529383, 1.800000000000000044, -4.150000000000001243 ) ) ;
#965 = DIRECTION ( 'NONE',  ( 0.000000000000000000, 0.000000000000000000, 1.000000000000000000 ) ) ;
#966 = DIRECTION ( 'NONE',  ( 0.7071067811865472397, 0.000000000000000000, 0.7071067811865479058 ) ) ;
#967 = EDGE_CURVE ( 'NONE', #1601, #970, #807, .T. ) ;
#968 = SURFACE_STYLE_USAGE ( .BOTH. , #1688 ) ;
#969 = ADVANCED_FACE ( 'NONE', ( #952 ), #1528, .T. ) ;
#970 = VERTEX_POINT ( 'NONE', #60 ) ;
#971 = DIRECTION ( 'NONE',  ( 1.000000000000000000, -0.000000000000000000, 0.000000000000000000 ) ) ;
#972 = PLANE ( 'NONE',  #204 ) ;
#973 = ORIENTED_EDGE ( 'NONE', *, *, #355, .T. ) ;
#974 = CARTESIAN_POINT ( 'NONE',  ( 0.000000000000000000, 1.399999999999999911, 0.000000000000000000 ) ) ;
#975 = ORIENTED_EDGE ( 'NONE', *, *, #703, .F. ) ;
#976 = FACE_OUTER_BOUND ( 'NONE', #244, .T. ) ;
#977 = DIRECTION ( 'NONE',  ( 0.000000000000000000, 0.000000000000000000, -1.000000000000000000 ) ) ;
#978 = EDGE_LOOP ( 'NONE', ( #871, #1467, #728, #318, #1223, #589, #166, #1265, #1427, #48, #1221, #1600, #438, #260 ) ) ;
#979 = AXIS2_PLACEMENT_3D ( 'NONE', #1861, #1431, #545 ) ;
#980 = DIRECTION ( 'NONE',  ( 0.7071067811865474617, 0.000000000000000000, 0.7071067811865475727 ) ) ;
#981 = AXIS2_PLACEMENT_3D ( 'NONE', #1270, #986, #1291 ) ;
#982 = DIRECTION ( 'NONE',  ( 1.567521213232052031E-16, -0.000000000000000000, 1.000000000000000000 ) ) ;
#983 = VECTOR ( 'NONE', #486, 1000.000000000000000 ) ;
#984 = AXIS2_PLACEMENT_3D ( 'NONE', #282, #1475, #418 ) ;
#985 = VECTOR ( 'NONE', #1302, 1000.000000000000000 ) ;
#986 = DIRECTION ( 'NONE',  ( -0.000000000000000000, -1.000000000000000000, -0.000000000000000000 ) ) ;
#987 = CARTESIAN_POINT ( 'NONE',  ( 4.499999999999999112, 0.000000000000000000, 0.4749999999999999778 ) ) ;
#988 = EDGE_CURVE ( 'NONE', #737, #436, #1210, .T. ) ;
#989 = LINE ( 'NONE', #1017, #763 ) ;
#990 = LINE ( 'NONE', #1723, #1404 ) ;
#991 = ORIENTED_EDGE ( 'NONE', *, *, #191, .F. ) ;
#992 = LINE ( 'NONE', #667, #1347 ) ;
#993 = ORIENTED_EDGE ( 'NONE', *, *, #519, .T. ) ;
#994 = CARTESIAN_POINT ( 'NONE',  ( -2.650000000000000355, 0.1999999999999999833, -4.150000000000001243 ) ) ;
#995 = DIRECTION ( 'NONE',  ( 0.000000000000000000, 0.000000000000000000, 1.000000000000000000 ) ) ;
#996 = CARTESIAN_POINT ( 'NONE',  ( 4.150000000000003908, 0.2999999999999999889, -0.7500000000000002220 ) ) ;
#997 = EDGE_CURVE ( 'NONE', #1130, #131, #52, .T. ) ;
#998 = DIRECTION ( 'NONE',  ( -0.000000000000000000, -1.000000000000000000, -0.000000000000000000 ) ) ;
#999 = EDGE_LOOP ( 'NONE', ( #1485, #895, #1839, #1783 ) ) ;
#1000 = CARTESIAN_POINT ( 'NONE',  ( 0.000000000000000000, 1.800000000000000044, 0.000000000000000000 ) ) ;
#1001 = ORIENTED_EDGE ( 'NONE', *, *, #1141, .T. ) ;
#1002 = ORIENTED_EDGE ( 'NONE', *, *, #1824, .T. ) ;
#1003 = CARTESIAN_POINT ( 'NONE',  ( 4.149999999999998579, 1.800000000000000044, 0.000000000000000000 ) ) ;
#1004 = VERTEX_POINT ( 'NONE', #1515 ) ;
#1005 = DIRECTION ( 'NONE',  ( -5.225070710773506976E-17, 0.000000000000000000, -1.000000000000000000 ) ) ;
#1006 = CYLINDRICAL_SURFACE ( 'NONE', #1133, 4.500000000000000888 ) ;
#1007 = ADVANCED_FACE ( 'NONE', ( #1823 ), #1792, .T. ) ;
#1008 = VECTOR ( 'NONE', #1420, 1000.000000000000000 ) ;
#1009 = DIRECTION ( 'NONE',  ( 0.000000000000000000, 0.000000000000000000, -1.000000000000000000 ) ) ;
#1010 = EDGE_CURVE ( 'NONE', #917, #39, #105, .T. ) ;
#1011 = VERTEX_POINT ( 'NONE', #961 ) ;
#1012 = AXIS2_PLACEMENT_3D ( 'NONE', #1425, #982, #1296 ) ;
#1013 = CONICAL_SURFACE ( 'NONE', #176, 3.687867965644037849, 0.7853981633974511656 ) ;
#1014 = PLANE ( 'NONE',  #384 ) ;
#1015 = LINE ( 'NONE', #1593, #1008 ) ;
#1016 = AXIS2_PLACEMENT_3D ( 'NONE', #1768, #1627, #1751 ) ;
#1017 = CARTESIAN_POINT ( 'NONE',  ( 0.000000000000000000, 0.2999999999999999889, -0.4749999999999999778 ) ) ;
#1018 = VECTOR ( 'NONE', #1246, 1000.000000000000000 ) ;
#1019 = DIRECTION ( 'NONE',  ( -0.000000000000000000, -1.000000000000000000, -0.000000000000000000 ) ) ;
#1020 = DIRECTION ( 'NONE',  ( -0.000000000000000000, -1.000000000000000000, -0.000000000000000000 ) ) ;
#1021 = ADVANCED_FACE ( 'NONE', ( #1828 ), #319, .T. ) ;
#1022 = UNCERTAINTY_MEASURE_WITH_UNIT (LENGTH_MEASURE( 1.000000000000000082E-05 ), #223, 'distance_accuracy_value', 'NONE');
#1023 = ORIENTED_EDGE ( 'NONE', *, *, #317, .F. ) ;
#1024 = ORIENTED_EDGE ( 'NONE', *, *, #590, .F. ) ;
#1025 = EDGE_CURVE ( 'NONE', #1884, #1004, #1356, .T. ) ;
#1026 = ORIENTED_EDGE ( 'NONE', *, *, #1482, .T. ) ;
#1027 = DIRECTION ( 'NONE',  ( 0.000000000000000000, 0.000000000000000000, -1.000000000000000000 ) ) ;
#1028 = PLANE ( 'NONE',  #507 ) ;
#1029 = CARTESIAN_POINT ( 'NONE',  ( 4.149999999999998579, 1.399999999999999911, 1.739971264130534490 ) ) ;
#1030 = ORIENTED_EDGE ( 'NONE', *, *, #1667, .T. ) ;
#1031 = ORIENTED_EDGE ( 'NONE', *, *, #99, .T. ) ;
#1032 = DIRECTION ( 'NONE',  ( 1.000000000000000000, 0.000000000000000000, 5.225070710773508825E-17 ) ) ;
#1033 = DIRECTION ( 'NONE',  ( 0.000000000000000000, 1.000000000000000000, -0.000000000000000000 ) ) ;
#1034 = DIRECTION ( 'NONE',  ( 0.000000000000000000, 0.000000000000000000, 1.000000000000000000 ) ) ;
#1035 = CARTESIAN_POINT ( 'NONE',  ( 4.531193156845208173E-16, 2.251471862576145178, 3.700000000000001066 ) ) ;
#1036 =( NAMED_UNIT ( * ) PLANE_ANGLE_UNIT ( ) SI_UNIT ( $, .RADIAN. ) );
#1037 = AXIS2_PLACEMENT_3D ( 'NONE', #1879, #1735, #414 ) ;
#1038 = ORIENTED_EDGE ( 'NONE', *, *, #371, .F. ) ;
#1039 = EDGE_CURVE ( 'NONE', #1873, #1417, #868, .T. ) ;
#1040 = CARTESIAN_POINT ( 'NONE',  ( -4.499999999999999112, 0.2999999999999999889, 0.000000000000000000 ) ) ;
#1041 = SURFACE_SIDE_STYLE ('',( #1459 ) ) ;
#1042 = CARTESIAN_POINT ( 'NONE',  ( 2.400000000000000799, 9.399999999999998579, -3.199999999999999734 ) ) ;
#1043 = VECTOR ( 'NONE', #930, 1000.000000000000000 ) ;
#1044 = LINE ( 'NONE', #119, #302 ) ;
#1045 = AXIS2_PLACEMENT_3D ( 'NONE', #1891, #1453, #1322 ) ;
#1046 = FACE_OUTER_BOUND ( 'NONE', #237, .T. ) ;
#1047 = ORIENTED_EDGE ( 'NONE', *, *, #1401, .F. ) ;
#1048 = ORIENTED_EDGE ( 'NONE', *, *, #865, .T. ) ;
#1049 = ORIENTED_EDGE ( 'NONE', *, *, #1334, .T. ) ;
#1050 = DIRECTION ( 'NONE',  ( 0.000000000000000000, 0.000000000000000000, -1.000000000000000000 ) ) ;
#1051 = FACE_OUTER_BOUND ( 'NONE', #1804, .T. ) ;
#1052 = CARTESIAN_POINT ( 'NONE',  ( 0.000000000000000000, 9.399999999999998579, 0.000000000000000000 ) ) ;
#1053 = ORIENTED_EDGE ( 'NONE', *, *, #1135, .F. ) ;
#1054 = EDGE_CURVE ( 'NONE', #1292, #1231, #856, .T. ) ;
#1055 = DIRECTION ( 'NONE',  ( 0.000000000000000000, 0.000000000000000000, -1.000000000000000000 ) ) ;
#1056 = PRODUCT_DEFINITION_CONTEXT ( 'detailed design', #132, 'design' ) ;
#1057 = VERTEX_POINT ( 'NONE', #1716 ) ;
#1058 = SURFACE_STYLE_FILL_AREA ( #1652 ) ;
#1059 = ORIENTED_EDGE ( 'NONE', *, *, #1414, .F. ) ;
#1060 = DIRECTION ( 'NONE',  ( 0.000000000000000000, 0.000000000000000000, -1.000000000000000000 ) ) ;
#1061 = SURFACE_SIDE_STYLE ('',( #1517 ) ) ;
#1062 = CARTESIAN_POINT ( 'NONE',  ( 0.000000000000000000, 1.399999999999999911, 0.000000000000000000 ) ) ;
#1063 = CYLINDRICAL_SURFACE ( 'NONE', #1229, 4.500000000000000000 ) ;
#1064 = EDGE_CURVE ( 'NONE', #596, #917, #1102, .T. ) ;
#1065 = ORIENTED_EDGE ( 'NONE', *, *, #791, .F. ) ;
#1066 = CARTESIAN_POINT ( 'NONE',  ( -4.150000000000002132, 1.399999999999999911, 2.649999999999997691 ) ) ;
#1067 = EDGE_CURVE ( 'NONE', #1455, #408, #366, .T. ) ;
#1068 = ORIENTED_EDGE ( 'NONE', *, *, #1241, .F. ) ;
#1069 = ORIENTED_EDGE ( 'NONE', *, *, #655, .T. ) ;
#1070 = DIRECTION ( 'NONE',  ( 1.000000000000000000, -0.000000000000000000, 0.000000000000000000 ) ) ;
#1071 = ADVANCED_FACE ( 'NONE', ( #976 ), #112, .F. ) ;
#1072 = ORIENTED_EDGE ( 'NONE', *, *, #1412, .T. ) ;
#1073 = CARTESIAN_POINT ( 'NONE',  ( 4.790979973715854754E-16, 3.636396103067889296, -3.912132034355964905 ) ) ;
#1074 = AXIS2_PLACEMENT_3D ( 'NONE', #1611, #466, #1060 ) ;
#1075 = LINE ( 'NONE', #77, #1557 ) ;
#1076 = TOROIDAL_SURFACE ( 'NONE', #1315, 3.900000000000000799, 0.2999999999999997113 ) ;
#1077 = FACE_OUTER_BOUND ( 'NONE', #289, .T. ) ;
#1078 = AXIS2_PLACEMENT_3D ( 'NONE', #1587, #1311, #1893 ) ;
#1079 = EDGE_LOOP ( 'NONE', ( #1653, #485, #819, #936 ) ) ;
#1080 = DIRECTION ( 'NONE',  ( 0.000000000000000000, 0.000000000000000000, -1.000000000000000000 ) ) ;
#1081 = AXIS2_PLACEMENT_3D ( 'NONE', #1614, #1019, #1597 ) ;
#1082 = FACE_OUTER_BOUND ( 'NONE', #1236, .T. ) ;
#1083 = ORIENTED_EDGE ( 'NONE', *, *, #521, .T. ) ;
#1084 = ORIENTED_EDGE ( 'NONE', *, *, #472, .T. ) ;
#1085 = CARTESIAN_POINT ( 'NONE',  ( 2.074999999999999734, 0.2999999999999999889, -0.4749999999999999778 ) ) ;
#1086 = FILL_AREA_STYLE ('',( #636 ) ) ;
#1087 = LINE ( 'NONE', #949, #441 ) ;
#1088 = DIRECTION ( 'NONE',  ( -0.000000000000000000, -1.000000000000000000, -0.000000000000000000 ) ) ;
#1089 = DIRECTION ( 'NONE',  ( -0.000000000000000000, -1.000000000000000000, -0.000000000000000000 ) ) ;
#1090 = CARTESIAN_POINT ( 'NONE',  ( 0.000000000000000000, 3.636396103067889296, 0.000000000000000000 ) ) ;
#1091 = LINE ( 'NONE', #1672, #363 ) ;
#1092 = DIRECTION ( 'NONE',  ( 2.551063935260010491E-16, 0.000000000000000000, -1.000000000000000000 ) ) ;
#1093 = DIRECTION ( 'NONE',  ( -4.928191693115927565E-17, -1.000000000000000000, 0.000000000000000000 ) ) ;
#1094 = CARTESIAN_POINT ( 'NONE',  ( -4.499999999999999112, 0.2999999999999999889, -0.4749999999999999778 ) ) ;
#1095 = FACE_OUTER_BOUND ( 'NONE', #1268, .T. ) ;
#1096 = EDGE_LOOP ( 'NONE', ( #1199, #1314, #860, #78 ) ) ;
#1097 =( NAMED_UNIT ( * ) PLANE_ANGLE_UNIT ( ) SI_UNIT ( $, .RADIAN. ) );
#1098 = CARTESIAN_POINT ( 'NONE',  ( -2.650000000000001688, 1.399999999999999911, 4.149999999999998579 ) ) ;
#1099 = CLOSED_SHELL ( 'NONE', ( #443, #5, #290, #1113 ) ) ;
#1100 = EDGE_CURVE ( 'NONE', #430, #153, #992, .T. ) ;
#1101 = CIRCLE ( 'NONE', #665, 0.2999999999999999334 ) ;
#1102 = CIRCLE ( 'NONE', #266, 0.2999999999999999334 ) ;
#1103 = EDGE_CURVE ( 'NONE', #1408, #1730, #511, .T. ) ;
#1104 = DIRECTION ( 'NONE',  ( -0.000000000000000000, -0.000000000000000000, 1.000000000000000000 ) ) ;
#1105 = PRESENTATION_LAYER_ASSIGNMENT (  '', '', ( #1316 ) ) ;
#1106 = VECTOR ( 'NONE', #297, 1000.000000000000000 ) ;
#1107 = DIRECTION ( 'NONE',  ( 0.000000000000000000, 1.000000000000000000, -0.000000000000000000 ) ) ;
#1108 = AXIS2_PLACEMENT_3D ( 'NONE', #814, #1501, #648 ) ;
#1109 = ORIENTED_EDGE ( 'NONE', *, *, #562, .F. ) ;
#1110 = FACE_OUTER_BOUND ( 'NONE', #465, .T. ) ;
#1111 = ORIENTED_EDGE ( 'NONE', *, *, #1521, .T. ) ;
#1112 = DIRECTION ( 'NONE',  ( 0.000000000000000000, 0.000000000000000000, -1.000000000000000000 ) ) ;
#1113 = ADVANCED_FACE ( 'NONE', ( #251 ), #835, .T. ) ;
#1114 = DIRECTION ( 'NONE',  ( -0.000000000000000000, -1.000000000000000000, -0.000000000000000000 ) ) ;
#1115 = CARTESIAN_POINT ( 'NONE',  ( -4.150000000000002132, 1.800000000000000044, 0.000000000000000000 ) ) ;
#1116 = DIRECTION ( 'NONE',  ( -0.000000000000000000, -1.000000000000000000, -0.000000000000000000 ) ) ;
#1117 = EDGE_LOOP ( 'NONE', ( #1068, #525, #475, #461 ) ) ;
#1118 = FACE_OUTER_BOUND ( 'NONE', #798, .T. ) ;
#1119 = DIRECTION ( 'NONE',  ( 0.000000000000000000, -1.000000000000000000, 0.000000000000000000 ) ) ;
#1120 = EDGE_CURVE ( 'NONE', #197, #39, #697, .T. ) ;
#1121 = MANIFOLD_SOLID_BREP ( 'Pin 1 Mark', #1099 ) ;
#1122 = CARTESIAN_POINT ( 'NONE',  ( 0.000000000000000000, 1.399999999999999911, 0.000000000000000000 ) ) ;
#1123 = DIRECTION ( 'NONE',  ( -1.000000000000000000, 0.000000000000000000, -0.000000000000000000 ) ) ;
#1124 = CARTESIAN_POINT ( 'NONE',  ( 2.400000000000001243, 9.574366918886768829, 3.145524163037501264 ) ) ;
#1125 = VECTOR ( 'NONE', #1366, 1000.000000000000000 ) ;
#1126 = DIRECTION ( 'NONE',  ( -0.000000000000000000, -0.000000000000000000, 1.000000000000000000 ) ) ;
#1127 = AXIS2_PLACEMENT_3D ( 'NONE', #1173, #468, #32 ) ;
#1128 = DIRECTION ( 'NONE',  ( 0.000000000000000000, 0.000000000000000000, 1.000000000000000000 ) ) ;
#1129 = AXIS2_PLACEMENT_3D ( 'NONE', #652, #946, #1240 ) ;
#1130 = VERTEX_POINT ( 'NONE', #688 ) ;
#1131 = EDGE_LOOP ( 'NONE', ( #975, #1580, #1640, #61 ) ) ;
#1132 = CIRCLE ( 'NONE', #869, 4.000000000000000888 ) ;
#1133 = AXIS2_PLACEMENT_3D ( 'NONE', #1729, #138, #575 ) ;
#1134 = CARTESIAN_POINT ( 'NONE',  ( 2.400000000000000799, 9.399999999999998579, 3.199999999999999734 ) ) ;
#1135 = EDGE_CURVE ( 'NONE', #1171, #1591, #238, .T. ) ;
#1136 = VERTEX_POINT ( 'NONE', #1276 ) ;
#1137 = DIRECTION ( 'NONE',  ( 0.000000000000000000, 0.000000000000000000, 1.000000000000000000 ) ) ;
#1138 = PLANE ( 'NONE',  #1659 ) ;
#1139 = ORIENTED_EDGE ( 'NONE', *, *, #1542, .T. ) ;
#1140 = ORIENTED_EDGE ( 'NONE', *, *, #660, .F. ) ;
#1141 = EDGE_CURVE ( 'NONE', #609, #911, #738, .T. ) ;
#1142 = DIRECTION ( 'NONE',  ( -0.000000000000000000, -1.000000000000000000, -0.000000000000000000 ) ) ;
#1143 = CARTESIAN_POINT ( 'NONE',  ( 4.844783585152634284E-16, 3.636396103067889296, 3.912132034355964905 ) ) ;
#1144 = ADVANCED_FACE ( 'NONE', ( #1578 ), #1808, .F. ) ;
#1145 = CARTESIAN_POINT ( 'NONE',  ( -4.150000000000002132, 1.800000000000000044, 1.739971264130527828 ) ) ;
#1146 = CARTESIAN_POINT ( 'NONE',  ( 4.149999999999998579, 0.1999999999999999833, -4.150000000000000355 ) ) ;
#1147 = EDGE_CURVE ( 'NONE', #627, #1011, #1435, .T. ) ;
#1148 = DIRECTION ( 'NONE',  ( 0.000000000000000000, 0.000000000000000000, -1.000000000000000000 ) ) ;
#1149 = MANIFOLD_SOLID_BREP ( 'Negative Pin', #170 ) ;
#1150 = ORIENTED_EDGE ( 'NONE', *, *, #47, .T. ) ;
#1151 = CARTESIAN_POINT ( 'NONE',  ( 4.531193156845208173E-16, 3.848528137423854467, 3.700000000000001066 ) ) ;
#1152 = CARTESIAN_POINT ( 'NONE',  ( 1.739971264130529383, 1.800000000000000044, -4.150000000000001243 ) ) ;
#1153 = CARTESIAN_POINT ( 'NONE',  ( 2.400000000000000799, 9.677136018190823918, 2.996494609212824844 ) ) ;
#1154 = DIRECTION ( 'NONE',  ( -1.000000000000000000, 0.000000000000000000, 0.000000000000000000 ) ) ;
#1155 = AXIS2_PLACEMENT_3D ( 'NONE', #1040, #762, #1622 ) ;
#1156 = EDGE_CURVE ( 'NONE', #1905, #51, #1894, .T. ) ;
#1157 = DIRECTION ( 'NONE',  ( 0.000000000000000000, 1.000000000000000000, -0.000000000000000000 ) ) ;
#1158 = AXIS2_PLACEMENT_3D ( 'NONE', #103, #705, #410 ) ;
#1159 = ORIENTED_EDGE ( 'NONE', *, *, #1764, .F. ) ;
#1160 = VERTEX_POINT ( 'NONE', #161 ) ;
#1161 = VECTOR ( 'NONE', #1070, 1000.000000000000000 ) ;
#1162 = CIRCLE ( 'NONE', #333, 0.4749999999999999778 ) ;
#1163 = DIRECTION ( 'NONE',  ( -1.000000000000000000, 0.000000000000000000, -5.225070710773509442E-17 ) ) ;
#1164 = AXIS2_PLACEMENT_3D ( 'NONE', #81, #534, #676 ) ;
#1165 = CARTESIAN_POINT ( 'NONE',  ( 0.000000000000000000, 0.000000000000000000, -0.4749999999999999778 ) ) ;
#1166 = CARTESIAN_POINT ( 'NONE',  ( -2.074999999999999734, 0.000000000000000000, 0.4749999999999999778 ) ) ;
#1167 = CARTESIAN_POINT ( 'NONE',  ( 4.499999999999999112, 0.2999999999999999889, -0.4749999999999999778 ) ) ;
#1168 = SURFACE_STYLE_USAGE ( .BOTH. , #1742 ) ;
#1169 = EDGE_CURVE ( 'NONE', #284, #197, #513, .T. ) ;
#1170 = EDGE_LOOP ( 'NONE', ( #83, #155, #1150, #452 ) ) ;
#1171 = VERTEX_POINT ( 'NONE', #151 ) ;
#1172 = DIRECTION ( 'NONE',  ( 0.000000000000000000, 0.000000000000000000, -1.000000000000000000 ) ) ;
#1173 = CARTESIAN_POINT ( 'NONE',  ( -4.150000000000002132, 0.1999999999999999833, 2.649999999999997691 ) ) ;
#1174 = LINE ( 'NONE', #593, #1106 ) ;
#1175 = CARTESIAN_POINT ( 'NONE',  ( 0.000000000000000000, 9.699999999999999289, 0.000000000000000000 ) ) ;
#1176 = ORIENTED_EDGE ( 'NONE', *, *, #1147, .F. ) ;
#1177 = EDGE_CURVE ( 'NONE', #436, #1186, #1162, .T. ) ;
#1178 = CARTESIAN_POINT ( 'NONE',  ( 0.000000000000000000, 1.399999999999999911, 0.000000000000000000 ) ) ;
#1179 = ADVANCED_FACE ( 'NONE', ( #140 ), #16, .T. ) ;
#1180 = CARTESIAN_POINT ( 'NONE',  ( 2.400000000000000799, 9.490119627130127355, -3.186677302583886373 ) ) ;
#1181 = PLANE ( 'NONE',  #1045 ) ;
#1182 = LINE ( 'NONE', #1445, #1656 ) ;
#1183 = UNCERTAINTY_MEASURE_WITH_UNIT (LENGTH_MEASURE( 1.000000000000000082E-05 ), #1810, 'distance_accuracy_value', 'NONE');
#1184 = AXIS2_PLACEMENT_3D ( 'NONE', #996, #1005, #852 ) ;
#1185 = ORIENTED_EDGE ( 'NONE', *, *, #1721, .F. ) ;
#1186 = VERTEX_POINT ( 'NONE', #718 ) ;
#1187 = AXIS2_PLACEMENT_3D ( 'NONE', #1666, #1387, #965 ) ;
#1188 = AXIS2_PLACEMENT_3D ( 'NONE', #1677, #357, #1245 ) ;
#1189 = DIRECTION ( 'NONE',  ( 1.000000000000000000, 0.000000000000000000, 0.000000000000000000 ) ) ;
#1190 = CIRCLE ( 'NONE', #359, 4.000000000000001776 ) ;
#1191 = EDGE_CURVE ( 'NONE', #1544, #732, #749, .T. ) ;
#1192 = CARTESIAN_POINT ( 'NONE',  ( -1.739971264130529605, 1.399999999999999911, 4.149999999999998579 ) ) ;
#1193 = VECTOR ( 'NONE', #339, 1000.000000000000000 ) ;
#1194 = FACE_OUTER_BOUND ( 'NONE', #1476, .T. ) ;
#1195 = VECTOR ( 'NONE', #217, 1000.000000000000000 ) ;
#1196 = EDGE_LOOP ( 'NONE', ( #1590, #1139, #595, #1698, #689, #813 ) ) ;
#1197 = CARTESIAN_POINT ( 'NONE',  ( 0.000000000000000000, 0.1999999999999999833, 0.000000000000000000 ) ) ;
#1198 = VERTEX_POINT ( 'NONE', #1332 ) ;
#1199 = ORIENTED_EDGE ( 'NONE', *, *, #432, .F. ) ;
#1200 = CARTESIAN_POINT ( 'NONE',  ( 2.400000000000000799, 9.399999999999998579, 3.199999999999999734 ) ) ;
#1201 = ADVANCED_FACE ( 'NONE', ( #743 ), #3, .T. ) ;
#1202 = CARTESIAN_POINT ( 'NONE',  ( 0.000000000000000000, 2.687867965644034740, 0.000000000000000000 ) ) ;
#1203 = CARTESIAN_POINT ( 'NONE',  ( 2.400000000000000355, 9.445280071040579983, -3.200000000000004174 ) ) ;
#1204 = EDGE_CURVE ( 'NONE', #732, #970, #1182, .T. ) ;
#1205 = DIRECTION ( 'NONE',  ( 0.000000000000000000, 0.000000000000000000, 1.000000000000000000 ) ) ;
#1206 = ORIENTED_EDGE ( 'NONE', *, *, #406, .F. ) ;
#1207 = CARTESIAN_POINT ( 'NONE',  ( -2.650000000000000355, 1.800000000000000044, -4.150000000000000355 ) ) ;
#1208 = ORIENTED_EDGE ( 'NONE', *, *, #1737, .F. ) ;
#1209 = ORIENTED_EDGE ( 'NONE', *, *, #1856, .F. ) ;
#1210 = LINE ( 'NONE', #1664, #569 ) ;
#1211 = PRODUCT_CONTEXT ( 'NONE', #945, 'mechanical' ) ;
#1212 = ORIENTED_EDGE ( 'NONE', *, *, #727, .T. ) ;
#1213 = DIRECTION ( 'NONE',  ( -0.000000000000000000, -1.000000000000000000, -0.000000000000000000 ) ) ;
#1214 = CARTESIAN_POINT ( 'NONE',  ( 4.499999999999999112, 0.2999999999999999889, -0.4749999999999999778 ) ) ;
#1215 = LINE ( 'NONE', #1350, #50 ) ;
#1216 = CARTESIAN_POINT ( 'NONE',  ( -2.075000000000000178, 0.1999999999999999833, 2.261844599450199717E-19 ) ) ;
#1217 = ORIENTED_EDGE ( 'NONE', *, *, #521, .F. ) ;
#1218 = FACE_OUTER_BOUND ( 'NONE', #163, .T. ) ;
#1219 = ADVANCED_FACE ( 'NONE', ( #1046 ), #1628, .T. ) ;
#1220 = ORIENTED_EDGE ( 'NONE', *, *, #80, .T. ) ;
#1221 = ORIENTED_EDGE ( 'NONE', *, *, #1589, .T. ) ;
#1222 = LINE ( 'NONE', #1538, #1468 ) ;
#1223 = ORIENTED_EDGE ( 'NONE', *, *, #1903, .T. ) ;
#1224 = DIRECTION ( 'NONE',  ( -0.000000000000000000, 0.000000000000000000, 1.000000000000000000 ) ) ;
#1225 = CIRCLE ( 'NONE', #1037, 3.700000000000000178 ) ;
#1226 = CIRCLE ( 'NONE', #1375, 0.2999999999999999334 ) ;
#1227 = LINE ( 'NONE', #209, #1195 ) ;
#1228 = DIRECTION ( 'NONE',  ( 0.000000000000000000, 0.000000000000000000, 1.000000000000000000 ) ) ;
#1229 = AXIS2_PLACEMENT_3D ( 'NONE', #1378, #792, #928 ) ;
#1230 = FACE_OUTER_BOUND ( 'NONE', #1079, .T. ) ;
#1231 = VERTEX_POINT ( 'NONE', #1483 ) ;
#1232 = LINE ( 'NONE', #196, #268 ) ;
#1233 = STYLED_ITEM ( 'NONE', ( #285 ), #1733 ) ;
#1234 = ORIENTED_EDGE ( 'NONE', *, *, #1067, .F. ) ;
#1235 = DIRECTION ( 'NONE',  ( -1.000000000000000000, 4.928191693115926948E-17, 0.000000000000000000 ) ) ;
#1236 = EDGE_LOOP ( 'NONE', ( #759, #280 ) ) ;
#1237 = DIRECTION ( 'NONE',  ( 0.000000000000000000, 0.000000000000000000, 1.000000000000000000 ) ) ;
#1238 = DIRECTION ( 'NONE',  ( 0.000000000000000000, 0.000000000000000000, 1.000000000000000000 ) ) ;
#1239 = DIRECTION ( 'NONE',  ( 0.000000000000000000, 1.000000000000000000, -0.000000000000000000 ) ) ;
#1240 = DIRECTION ( 'NONE',  ( 0.000000000000000000, 0.000000000000000000, -1.000000000000000000 ) ) ;
#1241 = EDGE_CURVE ( 'NONE', #284, #1763, #1469, .T. ) ;
#1242 = DIRECTION ( 'NONE',  ( 0.000000000000000000, 0.000000000000000000, -1.000000000000000000 ) ) ;
#1243 = CARTESIAN_POINT ( 'NONE',  ( 2.074999999999999734, 0.2999999999999999889, -0.4749999999999999778 ) ) ;
#1244 = ORIENTED_EDGE ( 'NONE', *, *, #195, .T. ) ;
#1245 = DIRECTION ( 'NONE',  ( 0.000000000000000000, 0.000000000000000000, -1.000000000000000000 ) ) ;
#1246 = DIRECTION ( 'NONE',  ( 0.000000000000000000, 0.000000000000000000, 1.000000000000000000 ) ) ;
#1247 = FACE_OUTER_BOUND ( 'NONE', #770, .T. ) ;
#1248 = AXIS2_PLACEMENT_3D ( 'NONE', #116, #104, #995 ) ;
#1249 = VECTOR ( 'NONE', #1767, 1000.000000000000000 ) ;
#1250 = ADVANCED_FACE ( 'NONE', ( #1339 ), #129, .T. ) ;
#1251 = CIRCLE ( 'NONE', #331, 0.7500000000000001110 ) ;
#1252 = CARTESIAN_POINT ( 'NONE',  ( 5.293457665664524259E-16, 1.800000000000000044, -4.150000000000001243 ) ) ;
#1253 = AXIS2_PLACEMENT_3D ( 'NONE', #959, #1239, #1790 ) ;
#1254 = CIRCLE ( 'NONE', #1016, 3.600000000000000977 ) ;
#1255 = DIRECTION ( 'NONE',  ( 0.000000000000000000, 1.000000000000000000, -0.000000000000000000 ) ) ;
#1256 = PRESENTATION_LAYER_ASSIGNMENT (  '', '', ( #1684 ) ) ;
#1257 = VERTEX_POINT ( 'NONE', #272 ) ;
#1258 = ORIENTED_EDGE ( 'NONE', *, *, #853, .T. ) ;
#1259 = CARTESIAN_POINT ( 'NONE',  ( 0.000000000000000000, 0.2999999999999999889, 0.4749999999999999778 ) ) ;
#1260 = DIRECTION ( 'NONE',  ( -1.000000000000000000, -0.000000000000000000, -2.551063935260010491E-16 ) ) ;
#1261 = EDGE_LOOP ( 'NONE', ( #1748, #1244, #774, #1059 ) ) ;
#1262 = ADVANCED_FACE ( 'NONE', ( #1599 ), #1646, .T. ) ;
#1263 = EDGE_CURVE ( 'NONE', #610, #481, #1620, .T. ) ;
#1264 = CARTESIAN_POINT ( 'NONE',  ( 2.400000000000001243, 9.677069201115237718, -2.996529485361656420 ) ) ;
#1265 = ORIENTED_EDGE ( 'NONE', *, *, #1344, .F. ) ;
#1266 = EDGE_CURVE ( 'NONE', #1057, #1873, #1232, .T. ) ;
#1267 = CARTESIAN_POINT ( 'NONE',  ( 2.075000000000000178, 0.2999999999999999889, 2.261844599450199717E-19 ) ) ;
#1268 = EDGE_LOOP ( 'NONE', ( #231, #1047, #1390, #548 ) ) ;
#1269 = CARTESIAN_POINT ( 'NONE',  ( 0.000000000000000000, 3.848528137423854911, 0.000000000000000000 ) ) ;
#1270 = CARTESIAN_POINT ( 'NONE',  ( 0.000000000000000000, 9.399999999999998579, 0.000000000000000000 ) ) ;
#1271 = DIRECTION ( 'NONE',  ( 0.000000000000000000, 0.000000000000000000, 1.000000000000000000 ) ) ;
#1272 = CARTESIAN_POINT ( 'NONE',  ( 2.400000000000000799, 9.399999999999998579, 3.199999999999999734 ) ) ;
#1273 = CARTESIAN_POINT ( 'NONE',  ( 2.400000000000000799, 9.699999999999999289, -2.816025568065744444 ) ) ;
#1274 = ADVANCED_FACE ( 'NONE', ( #651 ), #1013, .T. ) ;
#1275 = ORIENTED_EDGE ( 'NONE', *, *, #1667, .F. ) ;
#1276 = CARTESIAN_POINT ( 'NONE',  ( 0.000000000000000000, 2.687867965644034740, -3.687867965644037849 ) ) ;
#1277 = EDGE_CURVE ( 'NONE', #1830, #90, #173, .T. ) ;
#1278 = ORIENTED_EDGE ( 'NONE', *, *, #338, .F. ) ;
#1279 = VERTEX_POINT ( 'NONE', #1784 ) ;
#1280 = AXIS2_PLACEMENT_3D ( 'NONE', #325, #8, #1780 ) ;
#1281 = DIRECTION ( 'NONE',  ( 1.000000000000000000, 0.000000000000000000, 1.275531967630005492E-16 ) ) ;
#1282 = VECTOR ( 'NONE', #1540, 1000.000000000000000 ) ;
#1283 = DIRECTION ( 'NONE',  ( -0.000000000000000000, -1.000000000000000000, -0.000000000000000000 ) ) ;
#1284 = AXIS2_PLACEMENT_3D ( 'NONE', #632, #820, #1235 ) ;
#1285 = ORIENTED_EDGE ( 'NONE', *, *, #1010, .T. ) ;
#1286 = DIRECTION ( 'NONE',  ( 0.000000000000000000, 0.7071067811865434649, 0.7071067811865516806 ) ) ;
#1287 = VECTOR ( 'NONE', #757, 1000.000000000000000 ) ;
#1288 = ORIENTED_EDGE ( 'NONE', *, *, #1511, .F. ) ;
#1289 = ORIENTED_EDGE ( 'NONE', *, *, #1191, .T. ) ;
#1290 = COLOUR_RGB ( '',0.000000000000000000, 0.000000000000000000, 0.000000000000000000 ) ;
#1291 = DIRECTION ( 'NONE',  ( 0.000000000000000000, 0.000000000000000000, -1.000000000000000000 ) ) ;
#1292 = VERTEX_POINT ( 'NONE', #1799 ) ;
#1293 = CARTESIAN_POINT ( 'NONE',  ( -4.499999999999999112, 0.000000000000000000, 0.4749999999999999778 ) ) ;
#1294 = CARTESIAN_POINT ( 'NONE',  ( 2.400000000000000799, 9.399999999999998579, -3.199999999999999734 ) ) ;
#1295 = ORIENTED_EDGE ( 'NONE', *, *, #456, .T. ) ;
#1296 = DIRECTION ( 'NONE',  ( 1.000000000000000000, 0.000000000000000000, -1.567521213232052031E-16 ) ) ;
#1297 = VERTEX_POINT ( 'NONE', #12 ) ;
#1298 = PLANE ( 'NONE',  #1158 ) ;
#1299 = DIRECTION ( 'NONE',  ( 0.000000000000000000, 0.000000000000000000, -1.000000000000000000 ) ) ;
#1300 = ADVANCED_FACE ( 'NONE', ( #187 ), #1370, .F. ) ;
#1301 = DIRECTION ( 'NONE',  ( 0.000000000000000000, 1.000000000000000000, -0.000000000000000000 ) ) ;
#1302 = DIRECTION ( 'NONE',  ( -1.000000000000000000, -0.000000000000000000, -2.551063935260010491E-16 ) ) ;
#1303 = EDGE_LOOP ( 'NONE', ( #691, #1024, #35, #993, #581, #369, #274, #100, #795, #420, #809, #74 ) ) ;
#1304 = CARTESIAN_POINT ( 'NONE',  ( 0.000000000000000000, 2.899999999999999911, -3.900000000000000799 ) ) ;
#1305 = DIRECTION ( 'NONE',  ( 4.928191693115926948E-17, 1.000000000000000000, 0.000000000000000000 ) ) ;
#1306 = DIRECTION ( 'NONE',  ( -0.000000000000000000, -1.000000000000000000, -0.000000000000000000 ) ) ;
#1307 = LINE ( 'NONE', #1888, #134 ) ;
#1308 = EDGE_CURVE ( 'NONE', #1492, #416, #45, .T. ) ;
#1309 = FACE_OUTER_BOUND ( 'NONE', #113, .T. ) ;
#1310 = AXIS2_PLACEMENT_3D ( 'NONE', #1421, #1301, #248 ) ;
#1311 = DIRECTION ( 'NONE',  ( 0.000000000000000000, 1.000000000000000000, -0.000000000000000000 ) ) ;
#1312 = STYLED_ITEM ( 'NONE', ( #346 ), #499 ) ;
#1313 = ORIENTED_EDGE ( 'NONE', *, *, #1039, .T. ) ;
#1314 = ORIENTED_EDGE ( 'NONE', *, *, #235, .F. ) ;
#1315 = AXIS2_PLACEMENT_3D ( 'NONE', #907, #502, #23 ) ;
#1316 = STYLED_ITEM ( 'NONE', ( #1617 ), #1149 ) ;
#1317 = ORIENTED_EDGE ( 'NONE', *, *, #1439, .F. ) ;
#1318 = CYLINDRICAL_SURFACE ( 'NONE', #1769, 4.000000000000000888 ) ;
#1319 = AXIS2_PLACEMENT_3D ( 'NONE', #546, #998, #1403 ) ;
#1320 = FACE_OUTER_BOUND ( 'NONE', #1695, .T. ) ;
#1321 = ADVANCED_FACE ( 'NONE', ( #617 ), #213, .F. ) ;
#1322 = DIRECTION ( 'NONE',  ( -1.000000000000000000, 0.000000000000000000, -0.000000000000000000 ) ) ;
#1323 = ORIENTED_EDGE ( 'NONE', *, *, #1521, .F. ) ;
#1324 = ADVANCED_FACE ( 'NONE', ( #771 ), #1714, .F. ) ;
#1325 = ORIENTED_EDGE ( 'NONE', *, *, #1869, .F. ) ;
#1326 = ORIENTED_EDGE ( 'NONE', *, *, #1412, .F. ) ;
#1327 = ORIENTED_EDGE ( 'NONE', *, *, #760, .T. ) ;
#1328 = DIRECTION ( 'NONE',  ( 0.000000000000000000, 0.000000000000000000, -1.000000000000000000 ) ) ;
#1329 = LINE ( 'NONE', #905, #1777 ) ;
#1330 = DIRECTION ( 'NONE',  ( 0.000000000000000000, 1.000000000000000000, 0.000000000000000000 ) ) ;
#1331 = FACE_OUTER_BOUND ( 'NONE', #1718, .T. ) ;
#1332 = CARTESIAN_POINT ( 'NONE',  ( 2.074999999999999734, 0.000000000000000000, 0.4749999999999999778 ) ) ;
#1333 = EDGE_LOOP ( 'NONE', ( #1896, #787, #1571, #866 ) ) ;
#1334 = EDGE_CURVE ( 'NONE', #753, #1426, #629, .T. ) ;
#1335 = CARTESIAN_POINT ( 'NONE',  ( -4.150000000000003020, 0.2999999999999999889, -0.7500000000000002220 ) ) ;
#1336 = CARTESIAN_POINT ( 'NONE',  ( -1.739971264130529383, 1.800000000000000044, -4.150000000000001243 ) ) ;
#1337 = CARTESIAN_POINT ( 'NONE',  ( 0.000000000000000000, 0.000000000000000000, -0.4749999999999999778 ) ) ;
#1338 = DIRECTION ( 'NONE',  ( 0.000000000000000000, 0.000000000000000000, -1.000000000000000000 ) ) ;
#1339 = FACE_OUTER_BOUND ( 'NONE', #429, .T. ) ;
#1340 = UNCERTAINTY_MEASURE_WITH_UNIT (LENGTH_MEASURE( 1.000000000000000082E-05 ), #1384, 'distance_accuracy_value', 'NONE');
#1341 = VECTOR ( 'NONE', #118, 1000.000000000000000 ) ;
#1342 = ORIENTED_EDGE ( 'NONE', *, *, #1414, .T. ) ;
#1343 = ORIENTED_EDGE ( 'NONE', *, *, #821, .F. ) ;
#1344 = EDGE_CURVE ( 'NONE', #1417, #393, #817, .T. ) ;
#1345 = CONICAL_SURFACE ( 'NONE', #539, 3.912132034355964905, 0.7853981633974541632 ) ;
#1346 = ORIENTED_EDGE ( 'NONE', *, *, #1344, .T. ) ;
#1347 = VECTOR ( 'NONE', #535, 1000.000000000000000 ) ;
#1348 = EDGE_CURVE ( 'NONE', #1754, #287, #1132, .T. ) ;
#1349 = DIRECTION ( 'NONE',  ( -0.000000000000000000, -1.000000000000000000, -0.000000000000000000 ) ) ;
#1350 = CARTESIAN_POINT ( 'NONE',  ( -4.499999999999999112, 0.000000000000000000, 0.000000000000000000 ) ) ;
#1351 = AXIS2_PLACEMENT_3D ( 'NONE', #1694, #1283, #1388 ) ;
#1352 = LINE ( 'NONE', #201, #1287 ) ;
#1353 = AXIS2_PLACEMENT_3D ( 'NONE', #1269, #1409, #85 ) ;
#1354 = DIRECTION ( 'NONE',  ( 0.000000000000000000, 0.000000000000000000, -1.000000000000000000 ) ) ;
#1355 = VERTEX_POINT ( 'NONE', #1676 ) ;
#1356 = LINE ( 'NONE', #619, #413 ) ;
#1357 = VERTEX_POINT ( 'NONE', #1207 ) ;
#1358 = FACE_OUTER_BOUND ( 'NONE', #1333, .T. ) ;
#1359 = DIRECTION ( 'NONE',  ( -0.000000000000000000, -1.000000000000000000, -0.000000000000000000 ) ) ;
#1360 = CARTESIAN_POINT ( 'NONE',  ( 2.400000000000000799, 9.399999999999998579, -3.199999999999999734 ) ) ;
#1361 = CARTESIAN_POINT ( 'NONE',  ( 2.400000000000000799, 9.399999999999998579, -3.199999999999999734 ) ) ;
#1362 = EDGE_CURVE ( 'NONE', #1884, #153, #1363, .T. ) ;
#1363 = LINE ( 'NONE', #37, #107 ) ;
#1364 = LINE ( 'NONE', #921, #76 ) ;
#1365 = ORIENTED_EDGE ( 'NONE', *, *, #398, .T. ) ;
#1366 = DIRECTION ( 'NONE',  ( -0.000000000000000000, -1.000000000000000000, -0.000000000000000000 ) ) ;
#1367 = LINE ( 'NONE', #42, #1400 ) ;
#1368 = DIRECTION ( 'NONE',  ( 0.000000000000000000, -0.000000000000000000, -1.000000000000000000 ) ) ;
#1369 = EDGE_LOOP ( 'NONE', ( #121, #1870 ) ) ;
#1370 = PLANE ( 'NONE',  #1253 ) ;
#1371 = ORIENTED_EDGE ( 'NONE', *, *, #1706, .T. ) ;
#1372 = DIRECTION ( 'NONE',  ( 0.000000000000000000, 1.000000000000000000, 0.000000000000000000 ) ) ;
#1373 = ORIENTED_EDGE ( 'NONE', *, *, #91, .T. ) ;
#1374 = VECTOR ( 'NONE', #1271, 1000.000000000000000 ) ;
#1375 = AXIS2_PLACEMENT_3D ( 'NONE', #1151, #550, #558 ) ;
#1376 = CARTESIAN_POINT ( 'NONE',  ( 0.000000000000000000, 3.199999999999999734, -3.600000000000000977 ) ) ;
#1377 = CIRCLE ( 'NONE', #604, 0.7500000000000001110 ) ;
#1378 = CARTESIAN_POINT ( 'NONE',  ( 0.000000000000000000, 1.800000000000000044, 0.000000000000000000 ) ) ;
#1379 = COLOUR_RGB ( '',0.7921568627450980005, 0.8196078431372548767, 0.9333333333333333481 ) ;
#1380 = CARTESIAN_POINT ( 'NONE',  ( 0.000000000000000000, 2.899999999999999911, 0.000000000000000000 ) ) ;
#1381 = AXIS2_PLACEMENT_3D ( 'NONE', #1450, #1306, #442 ) ;
#1382 = DIRECTION ( 'NONE',  ( 0.000000000000000000, 0.000000000000000000, 1.000000000000000000 ) ) ;
#1383 = ADVANCED_FACE ( 'NONE', ( #1218 ), #342, .T. ) ;
#1384 =( LENGTH_UNIT ( ) NAMED_UNIT ( * ) SI_UNIT ( .MILLI., .METRE. ) );
#1385 = ORIENTED_EDGE ( 'NONE', *, *, #1401, .T. ) ;
#1386 = B_SPLINE_CURVE_WITH_KNOTS ( 'NONE', 3,
 ( #1460, #458, #295, #625, #767, #1180, #1203, #1360 ),
 .UNSPECIFIED., .F., .F.,
 ( 4, 2, 2, 4 ),
 ( 0.001844045086340054783, 0.002113792579070288436, 0.002248666325435405913, 0.002383540071800523824 ),
 .UNSPECIFIED. ) ;
#1387 = DIRECTION ( 'NONE',  ( -1.000000000000000000, 0.000000000000000000, 0.000000000000000000 ) ) ;
#1388 = DIRECTION ( 'NONE',  ( 0.000000000000000000, 0.000000000000000000, -1.000000000000000000 ) ) ;
#1389 = DIRECTION ( 'NONE',  ( -0.000000000000000000, -1.000000000000000000, -0.000000000000000000 ) ) ;
#1390 = ORIENTED_EDGE ( 'NONE', *, *, #1103, .F. ) ;
#1391 = EDGE_CURVE ( 'NONE', #674, #588, #58, .T. ) ;
#1392 = CARTESIAN_POINT ( 'NONE',  ( 0.000000000000000000, 1.399999999999999911, -4.000000000000001776 ) ) ;
#1393 = DIRECTION ( 'NONE',  ( 0.000000000000000000, 0.000000000000000000, -1.000000000000000000 ) ) ;
#1394 = CARTESIAN_POINT ( 'NONE',  ( 4.653657836759944702E-16, 3.412132034355965349, -3.687867965644037849 ) ) ;
#1395 = ORIENTED_EDGE ( 'NONE', *, *, #1493, .F. ) ;
#1396 = CARTESIAN_POINT ( 'NONE',  ( 0.000000000000000000, 1.399999999999999911, 0.000000000000000000 ) ) ;
#1397 = ORIENTED_EDGE ( 'NONE', *, *, #1782, .T. ) ;
#1398 = DIRECTION ( 'NONE',  ( -0.000000000000000000, -1.000000000000000000, -0.000000000000000000 ) ) ;
#1399 = AXIS2_PLACEMENT_3D ( 'NONE', #1602, #1720, #1299 ) ;
#1400 = VECTOR ( 'NONE', #200, 1000.000000000000000 ) ;
#1401 = EDGE_CURVE ( 'NONE', #1730, #1198, #316, .T. ) ;
#1402 = VECTOR ( 'NONE', #460, 1000.000000000000000 ) ;
#1403 = DIRECTION ( 'NONE',  ( 0.000000000000000000, 0.000000000000000000, -1.000000000000000000 ) ) ;
#1404 = VECTOR ( 'NONE', #980, 1000.000000000000000 ) ;
#1405 = AXIS2_PLACEMENT_3D ( 'NONE', #899, #1033, #424 ) ;
#1406 = CARTESIAN_POINT ( 'NONE',  ( 0.000000000000000000, 3.199999999999999734, 0.000000000000000000 ) ) ;
#1407 = EDGE_LOOP ( 'NONE', ( #82, #943, #1745, #1505 ) ) ;
#1408 = VERTEX_POINT ( 'NONE', #1243 ) ;
#1409 = DIRECTION ( 'NONE',  ( -0.000000000000000000, -1.000000000000000000, -0.000000000000000000 ) ) ;
#1410 = DIRECTION ( 'NONE',  ( 0.000000000000000000, 0.000000000000000000, 1.000000000000000000 ) ) ;
#1411 = DIRECTION ( 'NONE',  ( -0.000000000000000000, -1.000000000000000000, -0.000000000000000000 ) ) ;
#1412 = EDGE_CURVE ( 'NONE', #1004, #732, #990, .T. ) ;
#1413 = CARTESIAN_POINT ( 'NONE',  ( 0.000000000000000000, 9.399999999999998579, -4.000000000000000000 ) ) ;
#1414 = EDGE_CURVE ( 'NONE', #1556, #830, #1190, .T. ) ;
#1415 = LINE ( 'NONE', #664, #838 ) ;
#1416 = ORIENTED_EDGE ( 'NONE', *, *, #1575, .T. ) ;
#1417 = VERTEX_POINT ( 'NONE', #70 ) ;
#1418 = ORIENTED_EDGE ( 'NONE', *, *, #552, .F. ) ;
#1419 = DIRECTION ( 'NONE',  ( -0.000000000000000000, -0.000000000000000000, 1.000000000000000000 ) ) ;
#1420 = DIRECTION ( 'NONE',  ( -0.000000000000000000, -1.000000000000000000, -0.000000000000000000 ) ) ;
#1421 = CARTESIAN_POINT ( 'NONE',  ( 0.000000000000000000, 1.800000000000000044, 0.000000000000000000 ) ) ;
#1422 = DIRECTION ( 'NONE',  ( 1.000000000000000000, 0.000000000000000000, 2.551063935260010491E-16 ) ) ;
#1423 = EDGE_CURVE ( 'NONE', #1841, #1357, #257, .T. ) ;
#1424 = EDGE_LOOP ( 'NONE', ( #321, #867, #631, #654 ) ) ;
#1425 = CARTESIAN_POINT ( 'NONE',  ( 4.150000000000003908, 0.2999999999999999889, 0.7499999999999997780 ) ) ;
#1426 = VERTEX_POINT ( 'NONE', #63 ) ;
#1427 = ORIENTED_EDGE ( 'NONE', *, *, #1039, .F. ) ;
#1428 = CARTESIAN_POINT ( 'NONE',  ( -4.499999999999999112, 0.2999999999999999889, -0.4749999999999999778 ) ) ;
#1429 = ORIENTED_EDGE ( 'NONE', *, *, #562, .T. ) ;
#1430 = VECTOR ( 'NONE', #1411, 1000.000000000000000 ) ;
#1431 = DIRECTION ( 'NONE',  ( -0.000000000000000000, -1.000000000000000000, -0.000000000000000000 ) ) ;
#1432 = VECTOR ( 'NONE', #1260, 1000.000000000000000 ) ;
#1433 = DIRECTION ( 'NONE',  ( 0.000000000000000000, 0.000000000000000000, -1.000000000000000000 ) ) ;
#1434 = CARTESIAN_POINT ( 'NONE',  ( -4.150000000000003020, 0.1999999999999999833, -0.7500000000000002220 ) ) ;
#1435 = CIRCLE ( 'NONE', #208, 4.500000000000000000 ) ;
#1436 = ORIENTED_EDGE ( 'NONE', *, *, #855, .T. ) ;
#1437 = ORIENTED_EDGE ( 'NONE', *, *, #1169, .F. ) ;
#1438 = AXIS2_PLACEMENT_3D ( 'NONE', #789, #324, #800 ) ;
#1439 = EDGE_CURVE ( 'NONE', #207, #1773, #1561, .T. ) ;
#1440 = AXIS2_PLACEMENT_3D ( 'NONE', #780, #68, #948 ) ;
#1441 = CARTESIAN_POINT ( 'NONE',  ( -2.075000000000000178, 0.2999999999999999889, 0.7500000000000001110 ) ) ;
#1442 = CARTESIAN_POINT ( 'NONE',  ( 4.212971753347078429E-32, 9.399999999999998579, 0.000000000000000000 ) ) ;
#1443 = DIRECTION ( 'NONE',  ( 1.000000000000000000, 0.000000000000000000, 1.275531967630005492E-16 ) ) ;
#1444 = DIRECTION ( 'NONE',  ( 1.000000000000000000, 0.000000000000000000, 1.567521213232052771E-16 ) ) ;
#1445 = CARTESIAN_POINT ( 'NONE',  ( -1.058691533132904260E-15, 1.800000000000000044, 4.149999999999999467 ) ) ;
#1446 = VERTEX_POINT ( 'NONE', #685 ) ;
#1447 = CARTESIAN_POINT ( 'NONE',  ( 0.000000000000000000, 3.848528137423854911, -4.000000000000001776 ) ) ;
#1448 = ADVANCED_FACE ( 'NONE', ( #1118 ), #1541, .F. ) ;
#1449 = CARTESIAN_POINT ( 'NONE',  ( 4.149999999999998579, 1.800000000000000044, -1.739971264130534490 ) ) ;
#1450 = CARTESIAN_POINT ( 'NONE',  ( 0.000000000000000000, 9.399999999999998579, 0.000000000000000000 ) ) ;
#1451 = DIRECTION ( 'NONE',  ( -1.000000000000000000, 4.928191693115926948E-17, 0.000000000000000000 ) ) ;
#1452 = ORIENTED_EDGE ( 'NONE', *, *, #1141, .F. ) ;
#1453 = DIRECTION ( 'NONE',  ( 0.000000000000000000, 0.000000000000000000, -1.000000000000000000 ) ) ;
#1454 = CARTESIAN_POINT ( 'NONE',  ( -2.650000000000001688, 0.1999999999999999833, 4.149999999999998579 ) ) ;
#1455 = VERTEX_POINT ( 'NONE', #1862 ) ;
#1456 = ADVANCED_FACE ( 'NONE', ( #1826 ), #1138, .T. ) ;
#1457 = LINE ( 'NONE', #1470, #327 ) ;
#1458 = EDGE_CURVE ( 'NONE', #1621, #393, #520, .T. ) ;
#1459 = SURFACE_STYLE_FILL_AREA ( #278 ) ;
#1460 = CARTESIAN_POINT ( 'NONE',  ( 2.399999999999999911, 9.699999999999999289, -2.816025568065744444 ) ) ;
#1461 = ORIENTED_EDGE ( 'NONE', *, *, #406, .T. ) ;
#1462 = DIRECTION ( 'NONE',  ( -1.000000000000000000, 0.000000000000000000, -1.275531967630005492E-16 ) ) ;
#1463 = COLOUR_RGB ( '',0.7921568627450980005, 0.8196078431372548767, 0.9333333333333333481 ) ;
#1464 = ADVANCED_FACE ( 'NONE', ( #1686 ), #364, .F. ) ;
#1465 = CLOSED_SHELL ( 'NONE', ( #117, #249, #540, #470, #152, #1464, #314, #1262, #216, #1071, #307, #1818, #1577, #376, #44, #827, #808, #573, #495, #298, #1448, #793, #1555, #1219 ) ) ;
#1466 = PRESENTATION_LAYER_ASSIGNMENT (  '', '', ( #1312 ) ) ;
#1467 = ORIENTED_EDGE ( 'NONE', *, *, #727, .F. ) ;
#1468 = VECTOR ( 'NONE', #1389, 1000.000000000000000 ) ;
#1469 = CIRCLE ( 'NONE', #810, 3.600000000000000977 ) ;
#1470 = CARTESIAN_POINT ( 'NONE',  ( 2.400000000000000799, 9.699999999999999289, -3.199999999999999734 ) ) ;
#1471 = AXIS2_PLACEMENT_3D ( 'NONE', #1035, #281, #884 ) ;
#1472 = LINE ( 'NONE', #1479, #1775 ) ;
#1473 = CARTESIAN_POINT ( 'NONE',  ( -4.150000000000002132, 1.800000000000000044, -1.739971264130527828 ) ) ;
#1474 = ADVANCED_FACE ( 'NONE', ( #89 ), #844, .T. ) ;
#1475 = DIRECTION ( 'NONE',  ( 1.000000000000000000, 0.000000000000000000, -1.224646799147353207E-16 ) ) ;
#1476 = EDGE_LOOP ( 'NONE', ( #497, #1629, #1258, #14 ) ) ;
#1477 = VERTEX_POINT ( 'NONE', #1394 ) ;
#1478 = LINE ( 'NONE', #20, #663 ) ;
#1479 = CARTESIAN_POINT ( 'NONE',  ( 0.000000000000000000, 0.000000000000000000, 0.4749999999999999778 ) ) ;
#1480 = DIRECTION ( 'NONE',  ( -0.7071067811865479058, 0.000000000000000000, 0.7071067811865472397 ) ) ;
#1481 = CARTESIAN_POINT ( 'NONE',  ( 0.000000000000000000, 1.800000000000000044, 0.000000000000000000 ) ) ;
#1482 = EDGE_CURVE ( 'NONE', #408, #1446, #1415, .T. ) ;
#1483 = CARTESIAN_POINT ( 'NONE',  ( -2.075000000000000178, 0.1999999999999999833, -0.7500000000000001110 ) ) ;
#1484 = EDGE_CURVE ( 'NONE', #284, #1773, #1842, .T. ) ;
#1485 = ORIENTED_EDGE ( 'NONE', *, *, #1706, .F. ) ;
#1486 = PLANE ( 'NONE',  #1615 ) ;
#1487 = DIRECTION ( 'NONE',  ( -4.928191693115927565E-17, -1.000000000000000000, 0.000000000000000000 ) ) ;
#1488 = LINE ( 'NONE', #1520, #358 ) ;
#1489 = EDGE_LOOP ( 'NONE', ( #1065, #616, #1365, #381 ) ) ;
#1490 = DIRECTION ( 'NONE',  ( -1.000000000000000000, 0.000000000000000000, 0.000000000000000000 ) ) ;
#1491 = TOROIDAL_SURFACE ( 'NONE', #600, 3.700000000000001066, 0.3000000000000001554 ) ;
#1492 = VERTEX_POINT ( 'NONE', #832 ) ;
#1493 = EDGE_CURVE ( 'NONE', #310, #1690, #1535, .T. ) ;
#1494 = CARTESIAN_POINT ( 'NONE',  ( 0.000000000000000000, 1.399999999999999911, 0.000000000000000000 ) ) ;
#1495 = CIRCLE ( 'NONE', #864, 0.2999999999999999334 ) ;
#1496 = ORIENTED_EDGE ( 'NONE', *, *, #1753, .F. ) ;
#1497 = CIRCLE ( 'NONE', #1806, 3.600000000000000977 ) ;
#1498 = CARTESIAN_POINT ( 'NONE',  ( -4.150000000000002132, 0.1999999999999999833, 2.649999999999997691 ) ) ;
#1499 = EDGE_CURVE ( 'NONE', #1297, #481, #157, .T. ) ;
#1500 = VECTOR ( 'NONE', #463, 1000.000000000000000 ) ;
#1501 = DIRECTION ( 'NONE',  ( -0.000000000000000000, -1.000000000000000000, -0.000000000000000000 ) ) ;
#1502 = CARTESIAN_POINT ( 'NONE',  ( 2.075000000000000178, 0.2999999999999999889, 0.7500000000000001110 ) ) ;
#1503 = CIRCLE ( 'NONE', #1471, 0.2999999999999999334 ) ;
#1504 = LINE ( 'NONE', #326, #1402 ) ;
#1505 = ORIENTED_EDGE ( 'NONE', *, *, #195, .F. ) ;
#1506 = CARTESIAN_POINT ( 'NONE',  ( 4.212971753347078429E-32, 9.399999999999998579, 0.000000000000000000 ) ) ;
#1507 = EDGE_LOOP ( 'NONE', ( #261, #700, #1876, #1569, #1209, #823, #1049, #701, #1579, #1665, #394, #1208 ) ) ;
#1508 = CARTESIAN_POINT ( 'NONE',  ( 0.000000000000000000, 0.2999999999999999889, -0.4749999999999999778 ) ) ;
#1509 = LINE ( 'NONE', #190, #72 ) ;
#1510 = FACE_OUTER_BOUND ( 'NONE', #666, .T. ) ;
#1511 = EDGE_CURVE ( 'NONE', #51, #1279, #453, .T. ) ;
#1512 = CARTESIAN_POINT ( 'NONE',  ( -2.650000000000000355, 0.1999999999999999833, -4.150000000000001243 ) ) ;
#1513 = DIRECTION ( 'NONE',  ( 0.000000000000000000, -1.000000000000000000, 0.000000000000000000 ) ) ;
#1514 = DIRECTION ( 'NONE',  ( 0.000000000000000000, 0.000000000000000000, 1.000000000000000000 ) ) ;
#1515 = CARTESIAN_POINT ( 'NONE',  ( -4.150000000000001243, 1.800000000000000044, 2.649999999999997691 ) ) ;
#1516 = ORIENTED_EDGE ( 'NONE', *, *, #1025, .F. ) ;
#1517 = SURFACE_STYLE_FILL_AREA ( #1086 ) ;
#1518 = DIRECTION ( 'NONE',  ( -0.000000000000000000, -1.000000000000000000, -0.000000000000000000 ) ) ;
#1519 = EDGE_CURVE ( 'NONE', #609, #1875, #250, .T. ) ;
#1520 = CARTESIAN_POINT ( 'NONE',  ( 0.000000000000000000, 1.399999999999999911, -4.000000000000000888 ) ) ;
#1521 = EDGE_CURVE ( 'NONE', #179, #1805, #96, .T. ) ;
#1522 = DIRECTION ( 'NONE',  ( 0.000000000000000000, 0.000000000000000000, -1.000000000000000000 ) ) ;
#1523 = ORIENTED_EDGE ( 'NONE', *, *, #80, .F. ) ;
#1524 = DIRECTION ( 'NONE',  ( -0.000000000000000000, -1.000000000000000000, -0.000000000000000000 ) ) ;
#1525 = VECTOR ( 'NONE', #133, 1000.000000000000000 ) ;
#1526 = CARTESIAN_POINT ( 'NONE',  ( 0.000000000000000000, 0.000000000000000000, 0.000000000000000000 ) ) ;
#1527 = VECTOR ( 'NONE', #1847, 1000.000000000000000 ) ;
#1528 = CONICAL_SURFACE ( 'NONE', #1772, 3.912132034355964905, 0.7853981633974541632 ) ;
#1529 = DIRECTION ( 'NONE',  ( -0.000000000000000000, -1.000000000000000000, -0.000000000000000000 ) ) ;
#1530 = LINE ( 'NONE', #1546, #1678 ) ;
#1531 = AXIS2_PLACEMENT_3D ( 'NONE', #1175, #885, #448 ) ;
#1532 = DIRECTION ( 'NONE',  ( 0.000000000000000000, -1.000000000000000000, 0.000000000000000000 ) ) ;
#1533 =( GEOMETRIC_REPRESENTATION_CONTEXT ( 3 ) GLOBAL_UNCERTAINTY_ASSIGNED_CONTEXT ( ( #142 ) ) GLOBAL_UNIT_ASSIGNED_CONTEXT ( ( #220, #846, #826 ) ) REPRESENTATION_CONTEXT ( 'NONE', 'WORKASPACE' ) );
#1534 = DIRECTION ( 'NONE',  ( -0.000000000000000000, 1.000000000000000000, -0.000000000000000000 ) ) ;
#1535 = CIRCLE ( 'NONE', #1164, 0.4749999999999999778 ) ;
#1536 = ADVANCED_FACE ( 'NONE', ( #748 ), #1181, .F. ) ;
#1537 = VERTEX_POINT ( 'NONE', #1167 ) ;
#1538 = CARTESIAN_POINT ( 'NONE',  ( 4.898587196589415787E-16, 1.399999999999999911, 4.000000000000001776 ) ) ;
#1539 = PLANE ( 'NONE',  #1440 ) ;
#1540 = DIRECTION ( 'NONE',  ( 0.000000000000000000, -0.7071067811865454633, -0.7071067811865495711 ) ) ;
#1541 = CYLINDRICAL_SURFACE ( 'NONE', #1319, 4.500000000000000000 ) ;
#1542 = EDGE_CURVE ( 'NONE', #1279, #1844, #1174, .T. ) ;
#1543 = ORIENTED_EDGE ( 'NONE', *, *, #1626, .F. ) ;
#1544 = VERTEX_POINT ( 'NONE', #269 ) ;
#1545 = DIRECTION ( 'NONE',  ( 0.7071067811865479058, 0.000000000000000000, -0.7071067811865472397 ) ) ;
#1546 = CARTESIAN_POINT ( 'NONE',  ( 4.150000000000003908, 0.2999999999999999889, -0.7500000000000002220 ) ) ;
#1547 = ORIENTED_EDGE ( 'NONE', *, *, #1266, .T. ) ;
#1548 = CARTESIAN_POINT ( 'NONE',  ( 4.408728476930473124E-16, 1.399999999999999911, 3.600000000000000977 ) ) ;
#1549 = ORIENTED_EDGE ( 'NONE', *, *, #1493, .T. ) ;
#1550 = CARTESIAN_POINT ( 'NONE',  ( 0.000000000000000000, 3.636396103067889296, 3.912132034355964905 ) ) ;
#1551 = EDGE_LOOP ( 'NONE', ( #963, #101, #1111 ) ) ;
#1552 =( GEOMETRIC_REPRESENTATION_CONTEXT ( 3 ) GLOBAL_UNCERTAINTY_ASSIGNED_CONTEXT ( ( #1022 ) ) GLOBAL_UNIT_ASSIGNED_CONTEXT ( ( #223, #367, #672 ) ) REPRESENTATION_CONTEXT ( 'NONE', 'WORKASPACE' ) );
#1553 = CYLINDRICAL_SURFACE ( 'NONE', #1770, 4.000000000000000888 ) ;
#1554 = CIRCLE ( 'NONE', #1074, 4.000000000000000888 ) ;
#1555 = ADVANCED_FACE ( 'NONE', ( #1331 ), #1006, .F. ) ;
#1556 = VERTEX_POINT ( 'NONE', #1760 ) ;
#1557 = VECTOR ( 'NONE', #1518, 1000.000000000000000 ) ;
#1558 = AXIS2_PLACEMENT_3D ( 'NONE', #1494, #177, #777 ) ;
#1559 = CARTESIAN_POINT ( 'NONE',  ( 0.000000000000000000, 0.2999999999999999889, -0.4749999999999999778 ) ) ;
#1560 = AXIS2_PLACEMENT_3D ( 'NONE', #1396, #1107, #834 ) ;
#1561 = CIRCLE ( 'NONE', #1351, 3.600000000000000977 ) ;
#1562 = DIRECTION ( 'NONE',  ( 4.928191693115926948E-17, 1.000000000000000000, 0.000000000000000000 ) ) ;
#1563 = ORIENTED_EDGE ( 'NONE', *, *, #398, .F. ) ;
#1564 = APPLICATION_PROTOCOL_DEFINITION ( 'draft international standard', 'automotive_design', 1998, #945 ) ;
#1565 = ORIENTED_EDGE ( 'NONE', *, *, #1575, .F. ) ;
#1566 = EDGE_CURVE ( 'NONE', #1763, #284, #1254, .T. ) ;
#1567 = DIRECTION ( 'NONE',  ( 1.000000000000000000, -0.000000000000000000, 0.000000000000000000 ) ) ;
#1568 = DIRECTION ( 'NONE',  ( -1.224646799147353207E-16, 0.000000000000000000, -1.000000000000000000 ) ) ;
#1569 = ORIENTED_EDGE ( 'NONE', *, *, #1025, .T. ) ;
#1570 = DIRECTION ( 'NONE',  ( 0.000000000000000000, 0.000000000000000000, 1.000000000000000000 ) ) ;
#1571 = ORIENTED_EDGE ( 'NONE', *, *, #1010, .F. ) ;
#1572 = DIRECTION ( 'NONE',  ( 0.000000000000000000, 0.000000000000000000, -1.000000000000000000 ) ) ;
#1573 = LINE ( 'NONE', #412, #1374 ) ;
#1574 = CARTESIAN_POINT ( 'NONE',  ( 2.400000000000000799, 9.700000000000001066, 2.906526132739602364 ) ) ;
#1575 = EDGE_CURVE ( 'NONE', #311, #310, #446, .T. ) ;
#1576 = DIRECTION ( 'NONE',  ( -0.000000000000000000, -1.000000000000000000, -0.000000000000000000 ) ) ;
#1577 = ADVANCED_FACE ( 'NONE', ( #1309 ), #1586, .F. ) ;
#1578 = FACE_OUTER_BOUND ( 'NONE', #15, .T. ) ;
#1579 = ORIENTED_EDGE ( 'NONE', *, *, #33, .F. ) ;
#1580 = ORIENTED_EDGE ( 'NONE', *, *, #1764, .T. ) ;
#1581 = FACE_OUTER_BOUND ( 'NONE', #1117, .T. ) ;
#1582 = ORIENTED_EDGE ( 'NONE', *, *, #456, .F. ) ;
#1583 = CONICAL_SURFACE ( 'NONE', #979, 3.687867965644037849, 0.7853981633974511656 ) ;
#1584 = CARTESIAN_POINT ( 'NONE',  ( 2.400000000000000355, 9.444894800420790659, 3.200000000000093436 ) ) ;
#1585 = CIRCLE ( 'NONE', #1803, 3.687867965644037849 ) ;
#1586 = PLANE ( 'NONE',  #1836 ) ;
#1587 = CARTESIAN_POINT ( 'NONE',  ( 0.000000000000000000, 0.2999999999999999889, 0.000000000000000000 ) ) ;
#1588 = STYLED_ITEM ( 'NONE', ( #1865 ), #1121 ) ;
#1589 = EDGE_CURVE ( 'NONE', #1057, #903, #1044, .T. ) ;
#1590 = ORIENTED_EDGE ( 'NONE', *, *, #597, .T. ) ;
#1591 = VERTEX_POINT ( 'NONE', #1029 ) ;
#1592 = CARTESIAN_POINT ( 'NONE',  ( 2.400000000000000799, 9.399999999999998579, -3.199999999999999734 ) ) ;
#1593 = CARTESIAN_POINT ( 'NONE',  ( -2.074999999999999734, 0.2999999999999999889, 0.4749999999999999778 ) ) ;
#1594 = DIRECTION ( 'NONE',  ( 0.000000000000000000, 0.000000000000000000, -1.000000000000000000 ) ) ;
#1595 = LINE ( 'NONE', #279, #804 ) ;
#1596 = VERTEX_POINT ( 'NONE', #862 ) ;
#1597 = DIRECTION ( 'NONE',  ( 0.000000000000000000, 0.000000000000000000, -1.000000000000000000 ) ) ;
#1598 = EDGE_CURVE ( 'NONE', #39, #917, #56, .T. ) ;
#1599 = FACE_OUTER_BOUND ( 'NONE', #978, .T. ) ;
#1600 = ORIENTED_EDGE ( 'NONE', *, *, #1603, .T. ) ;
#1601 = VERTEX_POINT ( 'NONE', #108 ) ;
#1602 = CARTESIAN_POINT ( 'NONE',  ( 4.499999999999999112, 0.2999999999999999889, 0.000000000000000000 ) ) ;
#1603 = EDGE_CURVE ( 'NONE', #903, #1544, #1606, .T. ) ;
#1604 = DIRECTION ( 'NONE',  ( -0.000000000000000000, -1.000000000000000000, -0.000000000000000000 ) ) ;
#1605 = FACE_OUTER_BOUND ( 'NONE', #786, .T. ) ;
#1606 = LINE ( 'NONE', #1901, #985 ) ;
#1607 = DIRECTION ( 'NONE',  ( -0.000000000000000000, 1.000000000000000000, -0.000000000000000000 ) ) ;
#1608 = EDGE_LOOP ( 'NONE', ( #1648, #144, #1327, #1159 ) ) ;
#1609 = VERTEX_POINT ( 'NONE', #288 ) ;
#1610 = ORIENTED_EDGE ( 'NONE', *, *, #1120, .F. ) ;
#1611 = CARTESIAN_POINT ( 'NONE',  ( 0.000000000000000000, 2.251471862576145178, 0.000000000000000000 ) ) ;
#1612 = EDGE_CURVE ( 'NONE', #1130, #131, #709, .T. ) ;
#1613 = CARTESIAN_POINT ( 'NONE',  ( 1.739971264130531825, 1.800000000000000044, 4.150000000000000355 ) ) ;
#1614 = CARTESIAN_POINT ( 'NONE',  ( 0.000000000000000000, 3.848528137423854467, 0.000000000000000000 ) ) ;
#1615 = AXIS2_PLACEMENT_3D ( 'NONE', #1178, #779, #1655 ) ;
#1616 = AXIS2_PLACEMENT_3D ( 'NONE', #599, #1906, #1776 ) ;
#1617 = PRESENTATION_STYLE_ASSIGNMENT (( #1168 ) ) ;
#1618 = AXIS2_PLACEMENT_3D ( 'NONE', #1042, #915, #1487 ) ;
#1619 = AXIS2_PLACEMENT_3D ( 'NONE', #796, #344, #811 ) ;
#1620 = CIRCLE ( 'NONE', #704, 4.000000000000000000 ) ;
#1621 = VERTEX_POINT ( 'NONE', #1146 ) ;
#1622 = DIRECTION ( 'NONE',  ( 0.000000000000000000, 0.000000000000000000, -1.000000000000000000 ) ) ;
#1623 = AXIS2_PLACEMENT_3D ( 'NONE', #1202, #294, #1594 ) ;
#1624 = FACE_OUTER_BOUND ( 'NONE', #723, .T. ) ;
#1625 = DIRECTION ( 'NONE',  ( 0.000000000000000000, 1.000000000000000000, -0.000000000000000000 ) ) ;
#1626 = EDGE_CURVE ( 'NONE', #1596, #1297, #740, .T. ) ;
#1627 = DIRECTION ( 'NONE',  ( -0.000000000000000000, -1.000000000000000000, -0.000000000000000000 ) ) ;
#1628 = PLANE ( 'NONE',  #1835 ) ;
#1629 = ORIENTED_EDGE ( 'NONE', *, *, #150, .T. ) ;
#1630 = ORIENTED_EDGE ( 'NONE', *, *, #1348, .F. ) ;
#1631 = EDGE_LOOP ( 'NONE', ( #1278, #857, #557, #1543 ) ) ;
#1632 = DIRECTION ( 'NONE',  ( -0.000000000000000000, -1.000000000000000000, -0.000000000000000000 ) ) ;
#1633 = DIRECTION ( 'NONE',  ( -0.000000000000000000, -1.000000000000000000, -0.000000000000000000 ) ) ;
#1634 = CARTESIAN_POINT ( 'NONE',  ( 0.000000000000000000, 3.412132034355965349, 0.000000000000000000 ) ) ;
#1635 = DIRECTION ( 'NONE',  ( -0.000000000000000000, -1.000000000000000000, -0.000000000000000000 ) ) ;
#1636 = ADVANCED_FACE ( 'NONE', ( #1739 ), #415, .T. ) ;
#1637 = ORIENTED_EDGE ( 'NONE', *, *, #1156, .F. ) ;
#1638 = DIRECTION ( 'NONE',  ( -0.000000000000000000, -1.000000000000000000, -0.000000000000000000 ) ) ;
#1639 = EDGE_CURVE ( 'NONE', #751, #287, #1503, .T. ) ;
#1640 = ORIENTED_EDGE ( 'NONE', *, *, #1064, .T. ) ;
#1641 = LINE ( 'NONE', #1508, #1161 ) ;
#1642 = CARTESIAN_POINT ( 'NONE',  ( 0.000000000000000000, 2.899999999999999911, -3.600000000000000977 ) ) ;
#1643 = DIRECTION ( 'NONE',  ( 0.000000000000000000, 1.000000000000000000, -0.000000000000000000 ) ) ;
#1644 = DIRECTION ( 'NONE',  ( -0.000000000000000000, -1.000000000000000000, -0.000000000000000000 ) ) ;
#1645 = ORIENTED_EDGE ( 'NONE', *, *, #1241, .T. ) ;
#1646 = PLANE ( 'NONE',  #141 ) ;
#1647 = AXIS2_PLACEMENT_3D ( 'NONE', #692, #882, #1137 ) ;
#1648 = ORIENTED_EDGE ( 'NONE', *, *, #1542, .F. ) ;
#1649 = VERTEX_POINT ( 'NONE', #128 ) ;
#1650 = CARTESIAN_POINT ( 'NONE',  ( 2.075000000000000178, 0.1999999999999999833, 2.261844599450199717E-19 ) ) ;
#1651 = AXIS2_PLACEMENT_3D ( 'NONE', #1725, #1719, #1857 ) ;
#1652 = FILL_AREA_STYLE ('',( #797 ) ) ;
#1653 = ORIENTED_EDGE ( 'NONE', *, *, #501, .F. ) ;
#1654 = VECTOR ( 'NONE', #401, 1000.000000000000000 ) ;
#1655 = DIRECTION ( 'NONE',  ( 0.000000000000000000, -0.000000000000000000, -1.000000000000000000 ) ) ;
#1656 = VECTOR ( 'NONE', #1771, 1000.000000000000000 ) ;
#1657 = CARTESIAN_POINT ( 'NONE',  ( 4.408728476930473124E-16, 2.899999999999999911, 3.600000000000000977 ) ) ;
#1658 = LINE ( 'NONE', #1512, #75 ) ;
#1659 = AXIS2_PLACEMENT_3D ( 'NONE', #1559, #1837, #370 ) ;
#1660 = DIRECTION ( 'NONE',  ( -0.000000000000000000, -1.000000000000000000, -0.000000000000000000 ) ) ;
#1661 = DIRECTION ( 'NONE',  ( 0.000000000000000000, -1.000000000000000000, 0.000000000000000000 ) ) ;
#1662 = ORIENTED_EDGE ( 'NONE', *, *, #99, .F. ) ;
#1663 = EDGE_CURVE ( 'NONE', #588, #1690, #726, .T. ) ;
#1664 = CARTESIAN_POINT ( 'NONE',  ( 0.000000000000000000, 0.2999999999999999889, 0.4749999999999999778 ) ) ;
#1665 = ORIENTED_EDGE ( 'NONE', *, *, #1308, .F. ) ;
#1666 = CARTESIAN_POINT ( 'NONE',  ( 0.000000000000000000, 2.251471862576145178, -3.700000000000001066 ) ) ;
#1667 = EDGE_CURVE ( 'NONE', #1477, #197, #708, .T. ) ;
#1668 = DIRECTION ( 'NONE',  ( 0.000000000000000000, 0.000000000000000000, -1.000000000000000000 ) ) ;
#1669 = CARTESIAN_POINT ( 'NONE',  ( 4.150000000000003908, 0.1999999999999999833, -0.7500000000000002220 ) ) ;
#1670 = LINE ( 'NONE', #215, #983 ) ;
#1671 = ORIENTED_EDGE ( 'NONE', *, *, #230, .F. ) ;
#1672 = CARTESIAN_POINT ( 'NONE',  ( 4.499999999999999112, 0.2999999999999999889, 0.4749999999999999778 ) ) ;
#1673 = CARTESIAN_POINT ( 'NONE',  ( 0.000000000000000000, 9.399999999999998579, -3.700000000000000178 ) ) ;
#1674 = LINE ( 'NONE', #816, #541 ) ;
#1675 = ADVANCED_FACE ( 'NONE', ( #1624 ), #148, .T. ) ;
#1676 = CARTESIAN_POINT ( 'NONE',  ( 2.074999999999999734, 0.000000000000000000, -0.4749999999999999778 ) ) ;
#1677 = CARTESIAN_POINT ( 'NONE',  ( 0.000000000000000000, 3.636396103067889296, 0.000000000000000000 ) ) ;
#1678 = VECTOR ( 'NONE', #673, 1000.000000000000000 ) ;
#1679 = AXIS2_PLACEMENT_3D ( 'NONE', #1815, #510, #1382 ) ;
#1680 = LINE ( 'NONE', #1825, #1018 ) ;
#1681 =( NAMED_UNIT ( * ) PLANE_ANGLE_UNIT ( ) SI_UNIT ( $, .RADIAN. ) );
#1682 = EDGE_CURVE ( 'NONE', #1841, #653, #1766, .T. ) ;
#1683 = AXIS2_PLACEMENT_3D ( 'NONE', #503, #784, #944 ) ;
#1684 = STYLED_ITEM ( 'NONE', ( #656 ), #1749 ) ;
#1685 = EDGE_CURVE ( 'NONE', #1763, #207, #1329, .T. ) ;
#1686 = FACE_OUTER_BOUND ( 'NONE', #565, .T. ) ;
#1687 = VECTOR ( 'NONE', #971, 1000.000000000000000 ) ;
#1688 = SURFACE_SIDE_STYLE ('',( #1874 ) ) ;
#1689 = ORIENTED_EDGE ( 'NONE', *, *, #742, .F. ) ;
#1690 = VERTEX_POINT ( 'NONE', #890 ) ;
#1691 = LINE ( 'NONE', #1259, #1687 ) ;
#1692 = DIRECTION ( 'NONE',  ( -1.000000000000000000, 0.000000000000000000, -2.551063935260010491E-16 ) ) ;
#1693 = ORIENTED_EDGE ( 'NONE', *, *, #419, .T. ) ;
#1694 = CARTESIAN_POINT ( 'NONE',  ( 0.000000000000000000, 2.899999999999999911, 0.000000000000000000 ) ) ;
#1695 = EDGE_LOOP ( 'NONE', ( #484, #1705, #922, #1429 ) ) ;
#1696 = EDGE_CURVE ( 'NONE', #848, #751, #872, .T. ) ;
#1697 = ORIENTED_EDGE ( 'NONE', *, *, #355, .F. ) ;
#1698 = ORIENTED_EDGE ( 'NONE', *, *, #760, .F. ) ;
#1699 = CARTESIAN_POINT ( 'NONE',  ( -2.650000000000000355, 0.1999999999999999833, -4.150000000000001243 ) ) ;
#1700 = FACE_OUTER_BOUND ( 'NONE', #26, .T. ) ;
#1701 = ORIENTED_EDGE ( 'NONE', *, *, #1869, .T. ) ;
#1702 = CARTESIAN_POINT ( 'NONE',  ( 2.400000000000000799, 9.491109530633117686, -3.200000000000000178 ) ) ;
#1703 = DIRECTION ( 'NONE',  ( 0.000000000000000000, 0.000000000000000000, 1.000000000000000000 ) ) ;
#1704 = ORIENTED_EDGE ( 'NONE', *, *, #842, .F. ) ;
#1705 = ORIENTED_EDGE ( 'NONE', *, *, #258, .F. ) ;
#1706 = EDGE_CURVE ( 'NONE', #1649, #1136, #211, .T. ) ;
#1707 = CARTESIAN_POINT ( 'NONE',  ( 2.075000000000000178, 0.1999999999999999833, 0.7500000000000001110 ) ) ;
#1708 = LINE ( 'NONE', #1441, #232 ) ;
#1709 = CIRCLE ( 'NONE', #1248, 0.4749999999999999778 ) ;
#1710 = FACE_OUTER_BOUND ( 'NONE', #1369, .T. ) ;
#1711 = CARTESIAN_POINT ( 'NONE',  ( 4.898587196589414801E-16, 2.251471862576145178, 4.000000000000000888 ) ) ;
#1712 = AXIS2_PLACEMENT_3D ( 'NONE', #347, #803, #1796 ) ;
#1713 = CARTESIAN_POINT ( 'NONE',  ( 2.400000000000000799, 9.399999999999998579, -3.199999999999999734 ) ) ;
#1714 = TOROIDAL_SURFACE ( 'NONE', #53, 3.900000000000000799, 0.2999999999999997113 ) ;
#1715 = AXIS2_PLACEMENT_3D ( 'NONE', #380, #392, #1568 ) ;
#1716 = CARTESIAN_POINT ( 'NONE',  ( 4.150000000000003908, 0.1999999999999999833, 0.7499999999999997780 ) ) ;
#1717 = EDGE_LOOP ( 'NONE', ( #1637, #1418, #24, #1697 ) ) ;
#1718 = EDGE_LOOP ( 'NONE', ( #1053, #1206, #1001, #669 ) ) ;
#1719 = DIRECTION ( 'NONE',  ( -0.000000000000000000, -1.000000000000000000, -0.000000000000000000 ) ) ;
#1720 = DIRECTION ( 'NONE',  ( 1.000000000000000000, 0.000000000000000000, 0.000000000000000000 ) ) ;
#1721 = EDGE_CURVE ( 'NONE', #1279, #328, #270, .T. ) ;
#1722 = CARTESIAN_POINT ( 'NONE',  ( 2.400000000000000799, 9.399999999999998579, 3.199999999999999734 ) ) ;
#1723 = CARTESIAN_POINT ( 'NONE',  ( -3.399999999999999911, 1.800000000000000044, 3.399999999999999467 ) ) ;
#1724 = EDGE_LOOP ( 'NONE', ( #1275, #1762, #1285, #1610 ) ) ;
#1725 = CARTESIAN_POINT ( 'NONE',  ( 0.000000000000000000, 9.399999999999998579, 0.000000000000000000 ) ) ;
#1726 = ORIENTED_EDGE ( 'NONE', *, *, #373, .T. ) ;
#1727 = CARTESIAN_POINT ( 'NONE',  ( 1.478457507934782275E-17, 9.699999999999999289, 0.000000000000000000 ) ) ;
#1728 = EDGE_CURVE ( 'NONE', #1198, #90, #1472, .T. ) ;
#1729 = CARTESIAN_POINT ( 'NONE',  ( 0.000000000000000000, 1.800000000000000044, 0.000000000000000000 ) ) ;
#1730 = VERTEX_POINT ( 'NONE', #746 ) ;
#1731 = FACE_OUTER_BOUND ( 'NONE', #523, .T. ) ;
#1732 = PLANE ( 'NONE',  #293 ) ;
#1733 = MANIFOLD_SOLID_BREP ( 'Housing ', #1465 ) ;
#1734 = VECTOR ( 'NONE', #291, 1000.000000000000000 ) ;
#1735 = DIRECTION ( 'NONE',  ( -0.000000000000000000, -1.000000000000000000, -0.000000000000000000 ) ) ;
#1736 = ORIENTED_EDGE ( 'NONE', *, *, #320, .T. ) ;
#1737 = EDGE_CURVE ( 'NONE', #1851, #1292, #1, .T. ) ;
#1738 = AXIS2_PLACEMENT_3D ( 'NONE', #93, #1116, #690 ) ;
#1739 = FACE_OUTER_BOUND ( 'NONE', #1131, .T. ) ;
#1740 = VECTOR ( 'NONE', #1644, 1000.000000000000000 ) ;
#1741 = EDGE_CURVE ( 'NONE', #1537, #1830, #953, .T. ) ;
#1742 = SURFACE_SIDE_STYLE ('',( #1761 ) ) ;
#1743 = EDGE_CURVE ( 'NONE', #336, #677, #360, .T. ) ;
#1744 = ORIENTED_EDGE ( 'NONE', *, *, #320, .F. ) ;
#1745 = ORIENTED_EDGE ( 'NONE', *, *, #498, .T. ) ;
#1746 = AXIS2_PLACEMENT_3D ( 'NONE', #755, #1758, #457 ) ;
#1747 = AXIS2_PLACEMENT_3D ( 'NONE', #661, #1359, #31 ) ;
#1748 = ORIENTED_EDGE ( 'NONE', *, *, #958, .F. ) ;
#1749 = MANIFOLD_SOLID_BREP ( 'Shield', #1887 ) ;
#1750 = PLANE ( 'NONE',  #1310 ) ;
#1751 = DIRECTION ( 'NONE',  ( 0.000000000000000000, 0.000000000000000000, -1.000000000000000000 ) ) ;
#1752 =( LENGTH_UNIT ( ) NAMED_UNIT ( * ) SI_UNIT ( .MILLI., .METRE. ) );
#1753 = EDGE_CURVE ( 'NONE', #751, #848, #675, .T. ) ;
#1754 = VERTEX_POINT ( 'NONE', #1819 ) ;
#1755 = ORIENTED_EDGE ( 'NONE', *, *, #275, .T. ) ;
#1756 = EDGE_CURVE ( 'NONE', #1754, #830, #345, .T. ) ;
#1757 = LINE ( 'NONE', #1807, #863 ) ;
#1758 = DIRECTION ( 'NONE',  ( -0.000000000000000000, -1.000000000000000000, -0.000000000000000000 ) ) ;
#1759 = CARTESIAN_POINT ( 'NONE',  ( 0.000000000000000000, 1.399999999999999911, 0.000000000000000000 ) ) ;
#1760 = CARTESIAN_POINT ( 'NONE',  ( 4.898587196589415787E-16, 1.399999999999999911, 4.000000000000001776 ) ) ;
#1761 = SURFACE_STYLE_FILL_AREA ( #578 ) ;
#1762 = ORIENTED_EDGE ( 'NONE', *, *, #191, .T. ) ;
#1763 = VERTEX_POINT ( 'NONE', #1376 ) ;
#1764 = EDGE_CURVE ( 'NONE', #1844, #596, #517, .T. ) ;
#1765 = FACE_OUTER_BOUND ( 'NONE', #426, .T. ) ;
#1766 = LINE ( 'NONE', #1336, #145 ) ;
#1767 = DIRECTION ( 'NONE',  ( 1.000000000000000000, -0.000000000000000000, 0.000000000000000000 ) ) ;
#1768 = CARTESIAN_POINT ( 'NONE',  ( 0.000000000000000000, 3.199999999999999734, 0.000000000000000000 ) ) ;
#1769 = AXIS2_PLACEMENT_3D ( 'NONE', #1899, #582, #1172 ) ;
#1770 = AXIS2_PLACEMENT_3D ( 'NONE', #1122, #263, #1572 ) ;
#1771 = DIRECTION ( 'NONE',  ( 1.000000000000000000, 0.000000000000000000, 2.551063935260010491E-16 ) ) ;
#1772 = AXIS2_PLACEMENT_3D ( 'NONE', #1090, #1372, #1802 ) ;
#1773 = VERTEX_POINT ( 'NONE', #1657 ) ;
#1774 = ORIENTED_EDGE ( 'NONE', *, *, #655, .F. ) ;
#1775 = VECTOR ( 'NONE', #21, 1000.000000000000000 ) ;
#1776 = DIRECTION ( 'NONE',  ( 0.000000000000000000, 0.000000000000000000, -1.000000000000000000 ) ) ;
#1777 = VECTOR ( 'NONE', #1604, 1000.000000000000000 ) ;
#1778 = EDGE_CURVE ( 'NONE', #451, #1455, #962, .T. ) ;
#1779 = DIRECTION ( 'NONE',  ( 1.000000000000000000, -0.000000000000000000, 0.000000000000000000 ) ) ;
#1780 = DIRECTION ( 'NONE',  ( 0.000000000000000000, 0.000000000000000000, -1.000000000000000000 ) ) ;
#1781 = CARTESIAN_POINT ( 'NONE',  ( -4.499999999999999112, 0.2999999999999999889, 0.4749999999999999778 ) ) ;
#1782 = EDGE_CURVE ( 'NONE', #1446, #451, #1227, .T. ) ;
#1783 = ORIENTED_EDGE ( 'NONE', *, *, #587, .F. ) ;
#1784 = CARTESIAN_POINT ( 'NONE',  ( 4.898587196589412829E-16, 9.399999999999998579, 4.000000000000000000 ) ) ;
#1785 = EDGE_LOOP ( 'NONE', ( #66, #710, #1325, #1385 ) ) ;
#1786 = FACE_OUTER_BOUND ( 'NONE', #1507, .T. ) ;
#1787 = FILL_AREA_STYLE_COLOUR ( '', #240 ) ;
#1788 = FACE_OUTER_BOUND ( 'NONE', #1889, .T. ) ;
#1789 = CARTESIAN_POINT ( 'NONE',  ( -4.150000000000002132, 1.399999999999999911, 1.739971264130528050 ) ) ;
#1790 = DIRECTION ( 'NONE',  ( 0.000000000000000000, 0.000000000000000000, 1.000000000000000000 ) ) ;
#1791 = ORIENTED_EDGE ( 'NONE', *, *, #967, .F. ) ;
#1792 = CYLINDRICAL_SURFACE ( 'NONE', #957, 4.000000000000001776 ) ;
#1793 = DIRECTION ( 'NONE',  ( 0.000000000000000000, 0.000000000000000000, -1.000000000000000000 ) ) ;
#1794 = DIRECTION ( 'NONE',  ( -0.000000000000000000, -1.000000000000000000, -0.000000000000000000 ) ) ;
#1795 = DIRECTION ( 'NONE',  ( 0.000000000000000000, 0.000000000000000000, 1.000000000000000000 ) ) ;
#1796 = DIRECTION ( 'NONE',  ( 0.000000000000000000, -0.000000000000000000, 1.000000000000000000 ) ) ;
#1797 = EDGE_CURVE ( 'NONE', #674, #737, #1680, .T. ) ;
#1798 = ORIENTED_EDGE ( 'NONE', *, *, #1120, .T. ) ;
#1799 = CARTESIAN_POINT ( 'NONE',  ( -4.150000000000002132, 0.1999999999999999833, -0.7500000000000002220 ) ) ;
#1800 = EDGE_CURVE ( 'NONE', #741, #90, #1091, .T. ) ;
#1801 = ORIENTED_EDGE ( 'NONE', *, *, #1484, .T. ) ;
#1802 = DIRECTION ( 'NONE',  ( 0.000000000000000000, 0.000000000000000000, 1.000000000000000000 ) ) ;
#1803 = AXIS2_PLACEMENT_3D ( 'NONE', #1634, #613, #286 ) ;
#1804 = EDGE_LOOP ( 'NONE', ( #1662, #894, #634, #473 ) ) ;
#1805 = VERTEX_POINT ( 'NONE', #964 ) ;
#1806 = AXIS2_PLACEMENT_3D ( 'NONE', #493, #1088, #1338 ) ;
#1807 = CARTESIAN_POINT ( 'NONE',  ( 4.516335699804032678E-16, 2.687867965644034740, 3.687867965644037849 ) ) ;
#1808 = TOROIDAL_SURFACE ( 'NONE', #447, 3.900000000000000799, 0.2999999999999997113 ) ;
#1809 = CARTESIAN_POINT ( 'NONE',  ( 4.898587196589414801E-16, 3.848528137423854911, 4.000000000000001776 ) ) ;
#1810 =( LENGTH_UNIT ( ) NAMED_UNIT ( * ) SI_UNIT ( .MILLI., .METRE. ) );
#1811 = AXIS2_PLACEMENT_3D ( 'NONE', #1880, #563, #1154 ) ;
#1812 = CARTESIAN_POINT ( 'NONE',  ( 0.000000000000000000, 1.399999999999999911, -4.000000000000001776 ) ) ;
#1813 = CARTESIAN_POINT ( 'NONE',  ( 0.000000000000000000, 2.687867965644034740, 0.000000000000000000 ) ) ;
#1814 = VERTEX_POINT ( 'NONE', #824 ) ;
#1815 = CARTESIAN_POINT ( 'NONE',  ( 0.000000000000000000, 1.800000000000000044, 0.000000000000000000 ) ) ;
#1816 = DIRECTION ( 'NONE',  ( 1.000000000000000000, 0.000000000000000000, 0.000000000000000000 ) ) ;
#1817 = ORIENTED_EDGE ( 'NONE', *, *, #1147, .T. ) ;
#1818 = ADVANCED_FACE ( 'NONE', ( #1510 ), #1539, .F. ) ;
#1819 = CARTESIAN_POINT ( 'NONE',  ( 0.000000000000000000, 2.251471862576145178, -4.000000000000000888 ) ) ;
#1820 = FILL_AREA_STYLE ('',( #637 ) ) ;
#1821 = CARTESIAN_POINT ( 'NONE',  ( 4.790979973715854754E-16, 2.463603896932110349, 3.912132034355964016 ) ) ;
#1822 = DIRECTION ( 'NONE',  ( -0.000000000000000000, -1.000000000000000000, -0.000000000000000000 ) ) ;
#1823 = FACE_OUTER_BOUND ( 'NONE', #1424, .T. ) ;
#1824 = EDGE_CURVE ( 'NONE', #1136, #1649, #271, .T. ) ;
#1825 = CARTESIAN_POINT ( 'NONE',  ( -4.499999999999999112, 0.2999999999999999889, 0.000000000000000000 ) ) ;
#1826 = FACE_OUTER_BOUND ( 'NONE', #1096, .T. ) ;
#1827 = PRODUCT_DEFINITION_FORMATION_WITH_SPECIFIED_SOURCE ( 'ANY', '', #679, .NOT_KNOWN. ) ;
#1828 = FACE_OUTER_BOUND ( 'NONE', #1261, .T. ) ;
#1829 = VECTOR ( 'NONE', #1480, 1000.000000000000000 ) ;
#1830 = VERTEX_POINT ( 'NONE', #192 ) ;
#1831 = AXIS2_PLACEMENT_3D ( 'NONE', #340, #362, #210 ) ;
#1832 = CIRCLE ( 'NONE', #139, 4.500000000000000000 ) ;
#1833 = DIRECTION ( 'NONE',  ( -0.000000000000000000, -1.000000000000000000, -0.000000000000000000 ) ) ;
#1834 = CARTESIAN_POINT ( 'NONE',  ( 0.000000000000000000, 2.251471862576145178, 0.000000000000000000 ) ) ;
#1835 = AXIS2_PLACEMENT_3D ( 'NONE', #308, #1157, #908 ) ;
#1836 = AXIS2_PLACEMENT_3D ( 'NONE', #584, #434, #1444 ) ;
#1837 = DIRECTION ( 'NONE',  ( 0.000000000000000000, 0.000000000000000000, -1.000000000000000000 ) ) ;
#1838 = VECTOR ( 'NONE', #849, 1000.000000000000000 ) ;
#1839 = ORIENTED_EDGE ( 'NONE', *, *, #842, .T. ) ;
#1840 = ORIENTED_EDGE ( 'NONE', *, *, #855, .F. ) ;
#1841 = VERTEX_POINT ( 'NONE', #41 ) ;
#1842 = LINE ( 'NONE', #1548, #902 ) ;
#1843 = FILL_AREA_STYLE_COLOUR ( '', #1290 ) ;
#1844 = VERTEX_POINT ( 'NONE', #1809 ) ;
#1845 = ORIENTED_EDGE ( 'NONE', *, *, #462, .F. ) ;
#1846 = DIRECTION ( 'NONE',  ( 1.000000000000000000, 0.000000000000000000, 1.275531967630005492E-16 ) ) ;
#1847 = DIRECTION ( 'NONE',  ( 0.000000000000000000, 0.000000000000000000, -1.000000000000000000 ) ) ;
#1848 = CARTESIAN_POINT ( 'NONE',  ( 4.714890176717309515E-16, 9.699999999999999289, 3.700000000000000178 ) ) ;
#1849 = PLANE ( 'NONE',  #1855 ) ;
#1850 = CARTESIAN_POINT ( 'NONE',  ( 2.400000000000000799, 9.699999999999997513, -2.906518104424586024 ) ) ;
#1851 = VERTEX_POINT ( 'NONE', #492 ) ;
#1852 = EDGE_CURVE ( 'NONE', #596, #1844, #611, .T. ) ;
#1853 =( GEOMETRIC_REPRESENTATION_CONTEXT ( 3 ) GLOBAL_UNCERTAINTY_ASSIGNED_CONTEXT ( ( #1340 ) ) GLOBAL_UNIT_ASSIGNED_CONTEXT ( ( #1384, #912, #17 ) ) REPRESENTATION_CONTEXT ( 'NONE', 'WORKASPACE' ) );
#1854 = ORIENTED_EDGE ( 'NONE', *, *, #256, .T. ) ;
#1855 = AXIS2_PLACEMENT_3D ( 'NONE', #126, #560, #1443 ) ;
#1856 = EDGE_CURVE ( 'NONE', #1601, #1004, #839, .T. ) ;
#1857 = DIRECTION ( 'NONE',  ( 0.000000000000000000, 0.000000000000000000, -1.000000000000000000 ) ) ;
#1858 = VECTOR ( 'NONE', #149, 1000.000000000000000 ) ;
#1859 = ORIENTED_EDGE ( 'NONE', *, *, #419, .F. ) ;
#1860 = COLOUR_RGB ( '',0.7921568627450980005, 0.8196078431372548767, 0.9333333333333333481 ) ;
#1861 = CARTESIAN_POINT ( 'NONE',  ( 0.000000000000000000, 2.687867965644034740, 0.000000000000000000 ) ) ;
#1862 = CARTESIAN_POINT ( 'NONE',  ( 2.075000000000000178, 0.2999999999999999889, -0.7500000000000001110 ) ) ;
#1863 = AXIS2_PLACEMENT_3D ( 'NONE', #1882, #1020, #594 ) ;
#1864 = MECHANICAL_DESIGN_GEOMETRIC_PRESENTATION_REPRESENTATION (  '', ( #1233 ), #391 ) ;
#1865 = PRESENTATION_STYLE_ASSIGNMENT (( #968 ) ) ;
#1866 = ORIENTED_EDGE ( 'NONE', *, *, #1391, .T. ) ;
#1867 = ORIENTED_EDGE ( 'NONE', *, *, #317, .T. ) ;
#1868 = LINE ( 'NONE', #276, #136 ) ;
#1869 = EDGE_CURVE ( 'NONE', #1730, #741, #1691, .T. ) ;
#1870 = ORIENTED_EDGE ( 'NONE', *, *, #818, .F. ) ;
#1871 = LINE ( 'NONE', #1145, #1341 ) ;
#1872 = DIRECTION ( 'NONE',  ( 0.000000000000000000, 0.000000000000000000, 1.000000000000000000 ) ) ;
#1873 = VERTEX_POINT ( 'NONE', #1707 ) ;
#1874 = SURFACE_STYLE_FILL_AREA ( #372 ) ;
#1875 = VERTEX_POINT ( 'NONE', #681 ) ;
#1876 = ORIENTED_EDGE ( 'NONE', *, *, #1362, .F. ) ;
#1877 = CARTESIAN_POINT ( 'NONE',  ( 1.739971264130531825, 1.800000000000000044, 4.150000000000000355 ) ) ;
#1878 = ORIENTED_EDGE ( 'NONE', *, *, #1797, .F. ) ;
#1879 = CARTESIAN_POINT ( 'NONE',  ( 0.000000000000000000, 9.699999999999999289, 0.000000000000000000 ) ) ;
#1880 = CARTESIAN_POINT ( 'NONE',  ( 1.478457507934781967E-17, 9.699999999999999289, 0.000000000000000000 ) ) ;
#1881 = EDGE_CURVE ( 'NONE', #695, #1621, #245, .T. ) ;
#1882 = CARTESIAN_POINT ( 'NONE',  ( 0.000000000000000000, 1.399999999999999911, 0.000000000000000000 ) ) ;
#1883 = ORIENTED_EDGE ( 'NONE', *, *, #1685, .F. ) ;
#1884 = VERTEX_POINT ( 'NONE', #234 ) ;
#1885 = PRODUCT_DEFINITION_SHAPE ( 'NONE', 'NONE',  #947 ) ;
#1886 = ORIENTED_EDGE ( 'NONE', *, *, #791, .T. ) ;
#1887 = CLOSED_SHELL ( 'NONE', ( #529, #292, #1324, #1474, #628, #969, #125, #645, #577, #642, #1007, #1021, #750, #698, #910, #222, #1636, #459, #1144, #1201, #781, #1274, #1179, #714, #937 ) ) ;
#1888 = CARTESIAN_POINT ( 'NONE',  ( -2.650000000000000355, 1.399999999999999911, -4.150000000000001243 ) ) ;
#1889 = EDGE_LOOP ( 'NONE', ( #1289, #1326, #1516, #365 ) ) ;
#1890 = TOROIDAL_SURFACE ( 'NONE', #1651, 3.700000000000000178, 0.2999999999999999334 ) ;
#1891 = CARTESIAN_POINT ( 'NONE',  ( 0.000000000000000000, 0.2999999999999999889, 0.4749999999999999778 ) ) ;
#1892 = CIRCLE ( 'NONE', #445, 4.000000000000000000 ) ;
#1893 = DIRECTION ( 'NONE',  ( 0.000000000000000000, 0.000000000000000000, 1.000000000000000000 ) ) ;
#1894 = CIRCLE ( 'NONE', #1531, 3.700000000000000178 ) ;
#1895 = ORIENTED_EDGE ( 'NONE', *, *, #150, .F. ) ;
#1896 = ORIENTED_EDGE ( 'NONE', *, *, #1852, .T. ) ;
#1897 = VECTOR ( 'NONE', #427, 1000.000000000000000 ) ;
#1898 = ORIENTED_EDGE ( 'NONE', *, *, #527, .F. ) ;
#1899 = CARTESIAN_POINT ( 'NONE',  ( 0.000000000000000000, 1.399999999999999911, 0.000000000000000000 ) ) ;
#1900 = CYLINDRICAL_SURFACE ( 'NONE', #509, 4.500000000000000000 ) ;
#1901 = CARTESIAN_POINT ( 'NONE',  ( -2.650000000000001688, 0.1999999999999999833, 4.149999999999998579 ) ) ;
#1902 = DIRECTION ( 'NONE',  ( -0.000000000000000000, -1.000000000000000000, -0.000000000000000000 ) ) ;
#1903 = EDGE_CURVE ( 'NONE', #1492, #695, #828, .T. ) ;
#1904 = ORIENTED_EDGE ( 'NONE', *, *, #1856, .T. ) ;
#1905 = VERTEX_POINT ( 'NONE', #530 ) ;
#1906 = DIRECTION ( 'NONE',  ( -0.000000000000000000, -1.000000000000000000, -0.000000000000000000 ) ) ;
ENDSEC;
END-ISO-10303-21;
